player_id,team_id,player_name,position,club_team,market_value_eur,caps,date_of_birth,height_cm,goals
1,1,Jose Raul Rangel,GK,CD Guadalajara,6500000,15,25-02-2000,190,0
2,1,Jorge Eduardo Sanchez,DEF,PAOK Saloniki,2000000,59,10-12-1997,176,3
3,1,Cesar Jasib Montes,DEF,FC Lokomotiv Moscow,7500000,69,24-02-1997,191,4
4,1,Edson Omar Alvarez,DEF,Fenerbahce SK,15000000,100,24-10-1997,180,7
5,1,Johan Felipe Vasquez,DEF,Genoa CFC,12000000,47,22-10-1998,182,3
6,1,Erik Antonio Lira,MID,CF Cruz Azul,12000000,26,08-05-2000,172,0
7,1,Luis Francisco Romo,MID,CD Guadalajara,3000000,62,05-06-1995,183,4
8,1,Alvaro Fidalgo,MID,Real Betis,6000000,5,09-04-1997,175,0
9,1,Raul Alonso Jimenez,FWD,Fulham FC,3000000,127,05-05-1991,188,46
10,1,Ernesto Alexis Vega,FWD,Deportivo Toluca FC,8000000,53,25-11-1997,175,7
11,1,Santiago Tomas Gimenez,FWD,AC Milan,18000000,47,18-04-2001,180,6
12,1,Carlos Acevedo,GK,Club Santos Laguna,2800000,7,19-04-1996,185,0
13,1,Francisco Guillermo Ochoa,GK,AEL Limassol,250000,153,13-07-1985,185,0
14,1,Armando Gonzalez,FWD,CD Guadalajara,15000000,8,20-04-2003,182,1
15,1,Israel Reyes,DEF,Club America,6500000,35,23-05-2000,181,2
16,1,Julian Andres Quinones,FWD,Al Qadsiah FC,14000000,23,24-03-1997,177,3
17,1,Orbelin Pineda,MID,AEK Athens,7000000,92,24-03-1996,169,12
18,1,Obed Gomez Vargas,MID,Atletico De Madrid,10000000,6,05-08-2005,175,0
19,1,Gilberto Rafael Mora,MID,Club Tijuana,10000000,9,14-10-2008,175,0
20,1,Mateo Chavez,DEF,AZ Alkmaar,4000000,10,12-05-2004,178,0
21,1,Cesar Saul Huerta,FWD,RSC Anderlecht,3500000,26,03-12-2000,171,3
22,1,Guillermo Martinez,FWD,Pumas UNAM,1500000,12,15-03-1995,191,3
23,1,Jesus Daniel Gallardo,DEF,Deportivo Toluca FC,2800000,123,15-08-1994,174,3
24,1,Luis Gerardo Chavez,MID,FC Dynamo Moscow,6000000,46,15-01-1996,178,5
25,1,Roberto Carlos Alvarado,FWD,CD Guadalajara,7500000,69,07-09-1998,176,6
26,1,Brian Gutierrez,MID,CD Guadalajara,8000000,8,17-06-2003,178,2
27,2,Ronwen Hayden Williams,GK,Mamelodi Sundowns FC,800000,65,21-01-1992,184,0
28,2,Tholo Thabang Matuludi,DEF,Polokwane City FC,1200000,3,14-01-1999,189,0
29,2,Khulumani Ndamane,DEF,Mamelodi Sundowns FC,1200000,5,05-02-2004,183,0
30,2,Teboho Mokoena,MID,Mamelodi Sundowns FC,2800000,58,24-01-1997,177,9
31,2,Thalente Wandile Mbatha,MID,Orlando Pirates FC,2000000,17,06-03-2000,179,3
32,2,Aubrey Maphosa Modiba,DEF,Mamelodi Sundowns FC,1800000,49,22-07-1995,171,3
33,2,Oswin Reagan Appollis,FWD,Orlando Pirates FC,2500000,28,25-08-2001,171,8
34,2,Tshepang Moremi,FWD,Orlando Pirates FC,1400000,10,02-10-2000,169,1
35,2,Lyle Brent Foster,FWD,Burnley FC,8000000,32,03-09-2000,185,10
36,2,Relebohile Mofokeng,FWD,Orlando Pirates FC,3000000,14,23-10-2004,168,1
37,2,Themba Zwane,MID,Mamelodi Sundowns FC,250000,56,03-08-1989,178,12
38,2,Thapelo Maseko,FWD,AEL Limassol,1200000,8,11-11-2003,178,1
39,2,Sphephelo S'miso Sithole,MID,CD Tondela,600000,30,03-03-1999,197,1
40,2,Mbekezeli Mfanufikile Mbokazi,DEF,Chicago Fire FC,3500000,11,19-09-2005,177,1
41,2,Iqraam Rayners,FWD,Mamelodi Sundowns FC,2800000,21,19-12-1995,174,5
42,2,Sipho Justin Chaine,GK,Orlando Pirates FC,1600000,4,14-12-1996,186,0
43,2,Sekotori Evidence Makgopa,FWD,Orlando Pirates FC,1400000,28,05-06-2000,183,6
44,2,Samukele Alucious Kabini,DEF,Molde FK,2500000,6,15-03-2004,179,0
45,2,Nkosinathi Emmanuel Sibisi,DEF,Orlando Pirates FC,1600000,22,22-09-1995,172,0
46,2,Khuliso Johnson Mudau,DEF,Mamelodi Sundowns FC,1200000,35,26-04-1995,179,1
47,2,Ime Daniel Okon,DEF,Hannover 96,450000,9,20-02-2004,187,1
48,2,Stuart Ricardo Goss,GK,Siwelele FC,350000,7,02-04-1994,181,0
49,2,Jayden Oswin Adams,MID,Mamelodi Sundowns FC,1800000,9,05-05-2001,177,2
50,2,Olwethu Mpilwenhle Makhanya,DEF,Philadelphia Union,2000000,1,30-04-2004,185,0
51,2,Kamogelo Michael Sebelebele,FWD,Orlando Pirates FC,1200000,9,21-07-2002,166,1
52,2,Bradley Paul Cross,DEF,Kaizer Chiefs FC,550000,1,30-01-2001,175,0
53,3,Seunggyu Kim,GK,FC Tokyo,500000,87,30-09-1990,187,0
54,3,Hanbeom Lee,DEF,FC Midtjylland,3000000,9,17-06-2002,188,0
55,3,Gihyuk Lee,MID,Gangwon FC,800000,4,07-07-2000,184,0
56,3,Minjae Kim,DEF,FC Bayern Munchen,20000000,80,15-11-1996,190,4
57,3,Taehyeon Kim,DEF,Kashima Antlers,1200000,7,17-09-2000,186,0
58,3,Inbeom Hwang,MID,Feyenoord Rotterdam,7000000,74,20-09-1996,177,7
59,3,Heung Min Son,FWD,LAFC,15000000,145,08-07-1992,183,56
60,3,Seungho Paik,MID,Birmingham City FC,2000000,28,17-03-1997,182,3
61,3,Guesung Cho,FWD,FC Midtjylland,2500000,44,25-01-1998,188,12
62,3,Jae Sung Lee,MID,1. FSV Mainz 05,2000000,106,10-08-1992,180,15
63,3,Hee Chan Hwang,MID,Wolverhampton Wanderers FC,6000000,80,26-01-1996,177,17
64,3,Bumkeun Song,GK,Jeonbuk Hyundai Motors FC,1000000,3,15-10-1997,196,0
65,3,Taeseok Lee,DEF,FK Austria Wien,2000000,16,28-07-2002,174,1
66,3,Wije Cho,DEF,Jeonbuk Hyundai Motors FC,550000,1,25-08-2001,190,0
67,3,Moonhwan Kim,DEF,Daejeon Hana Citizen FC,750000,36,01-08-1995,173,0
68,3,Jinseob Park,DEF,Zhejiang FC,1000000,15,23-10-1995,183,1
69,3,Junho Bae,MID,Stoke City FC,4000000,13,21-08-2003,180,2
70,3,Hyeongyu Oh,FWD,Be s ikta s  JK,15000000,28,12-04-2001,183,7
71,3,Kangin Lee,MID,Paris Saint-Germain,28000000,48,19-02-2001,174,10
72,3,Hyunjun Yang,MID,Celtic FC,5000000,9,25-05-2002,179,0
73,3,Hyeonwoo Jo,GK,Ulsan HD,650000,48,25-09-1991,189,0
74,3,Youngwoo Seol,DEF,FK Crvena Zvezda,6500000,35,05-12-1998,180,0
75,3,Jens Castrop,DEF,Borussia Monchengladbach,10000000,7,29-07-2003,178,0
76,3,Jingyu Kim,MID,Jeonbuk Hyundai Motors FC,1200000,23,24-02-1997,177,3
77,3,Jisung Eom,MID,Swansea City AFC,1800000,10,09-05-2002,177,2
78,3,Donggyeong Lee,MID,Ulsan HD,1600000,18,20-09-1997,175,4
79,4,Mat e j Kovar,GK,PSV Eindhoven,8000000,21,17-05-2000,196,0
80,4,David Zima,DEF,SK Slavia Praha,7000000,25,08-11-2000,190,1
81,4,Tomas Holes,DEF,SK Slavia Praha,1000000,41,31-03-1993,180,2
82,4,Robin Hranac,DEF,TSG Hoffenheim,10000000,15,29-01-2000,189,1
83,4,Vladimir Coufal,DEF,TSG Hoffenheim,2500000,63,22-08-1992,175,2
84,4,e pan Chaloupek,DEF,SK Slavia Praha,10000000,6,08-03-2003,188,0
85,4,Ladislav Krejci,DEF,Wolverhampton Wanderers FC,22000000,28,20-04-1999,191,6
86,4,Vladimir Darida,MID,FC Hradec Kralove,375000,79,08-08-1990,172,8
87,4,Adam Hlozek,FWD,TSG Hoffenheim,10000000,44,25-07-2002,188,5
88,4,Patrik Schick,FWD,Bayer 04 Leverkusen,18000000,54,24-01-1996,191,26
89,4,Jan Kuchta,FWD,AC Sparta Praha,2700000,31,08-01-1997,185,3
90,4,Lukas Cerv,MID,FC Viktoria Plze n,6000000,17,10-04-2001,182,2
91,4,Mojmir Chytil,FWD,SK Slavia Praha,4000000,23,29-04-1999,187,6
92,4,David Jurasek,DEF,SK Slavia Praha,5000000,18,07-08-2000,183,1
93,4,Pavel Sulc,FWD,Olympique Lyonnais,20000000,22,29-12-2000,177,5
94,4,Jind r ich Stanek,GK,SK Slavia Praha,2000000,14,27-04-1996,192,0
95,4,Lukas Provod,MID,SK Slavia Praha,8000000,39,23-10-1996,191,3
96,4,Michal Sadilek,MID,SK Slavia Praha,8000000,36,31-05-1999,169,1
97,4,Tomas Chory,FWD,SK Slavia Praha,2700000,23,26-01-1995,199,7
98,4,Jaroslav Zeleny,DEF,AC Sparta Praha,600000,24,20-08-1992,190,0
99,4,David Doudera,DEF,SK Slavia Praha,3500000,17,31-05-1998,175,2
100,4,Tomas Soucek,MID,West Ham United FC,10000000,91,27-02-1995,192,17
101,4,Lukas Hornicek,GK,SC Braga,18000000,1,13-07-2002,198,0
102,4,Alexandr Sojka,MID,FC Viktoria Plze n,2300000,3,02-04-2003,188,0
103,4,Hugo Sochurek,MID,AC Sparta Praha,3500000,1,07-06-2008,183,0
104,4,Denis Visinsky,FWD,FC Viktoria Plze n,3000000,2,21-03-2003,178,1
105,5,Dayne Tristan St. Clair,GK,Inter Miami CF,3500000,20,09-05-1997,191,0
106,5,Alistair William Johnston,DEF,Celtic FC,8000000,59,08-10-1998,180,1
107,5,Alfie Charles Jones,DEF,Middlesbrough FC,6000000,2,07-10-1997,191,0
108,5,Luc De Fougerolles,DEF,FCV Dender EH,1000000,14,12-10-2005,183,0
109,5,Joel Robert Waterman,DEF,Chicago Fire FC,2000000,17,24-01-1996,185,0
110,5,Mathieu Choiniere,MID,LAFC,800000,24,07-02-1999,173,0
111,5,Stephen Eustaquio,MID,LAFC,6000000,57,21-12-1996,175,4
112,5,Ismael Kenneth Jordan Kone,MID,US Sassuolo,25000000,41,16-06-2002,188,4
113,5,Cyle Christopher Larin,FWD,Southampton FC,3500000,91,17-04-1995,188,31
114,5,Jonathan Christian David,FWD,Juventus FC,30000000,78,14-01-2000,175,39
115,5,Liam Alan Millar,MID,Hull City FC,1700000,42,27-09-1999,176,1
116,5,Tanitoluwa Oluwatimilehin Oluwaseyi,FWD,Villarreal CF,7000000,25,15-05-2000,187,2
117,5,Derek Austin Cornelius,DEF,Rangers FC,2500000,45,25-11-1997,186,1
118,5,Jacob Everett Shaffelburg,MID,LAFC,2500000,32,26-11-1999,181,6
119,5,Moise Bombito Bombito,DEF,OGC Nice,7000000,20,30-03-2000,190,0
120,5,Maxime Crepeau,GK,Orlando City SC,1800000,33,11-05-1994,185,0
121,5,Tajon Trevor Buchanan,FWD,Villarreal CF,12000000,61,08-02-1999,183,8
122,5,Owen Olamidayo Goodman,GK,Barnsley,550000,0,27-11-2003,193,0
123,5,Alphonso Boyle Davies,DEF,FC Bayern Munchen,40000000,58,02-11-2000,183,15
124,5,Ali Ahmed,FWD,Norwich City FC,3000000,25,10-10-2000,180,1
125,5,Jonathan Osorio,MID,Toronto FC,1000000,92,12-06-1992,175,10
126,5,Richmond Mamah Laryea,DEF,Toronto FC,1000000,77,07-01-1995,175,1
127,5,Niko Kristian Sigur,DEF,HNK Hajduk Split,4000000,19,09-09-2003,178,2
128,5,Promise Oluwatobi Emmanuel David,FWD,Royale Union Saint-Gilloise,17000000,11,03-07-2001,195,3
129,5,Nathan-Dylan Saliba,MID,RSC Anderlecht,7500000,15,07-02-2004,174,2
130,5,Jayden Nelson,FWD,Austin FC,2000000,15,26-09-2002,170,3
131,6,Nikola Vasilj,GK,FC St. Pauli,4500000,27,02-12-1995,193,0
132,6,Nihad Mujakic,DEF,Gaziantep FK,1200000,12,15-04-1998,189,1
133,6,Dennis Hadzikadunic,DEF,UC Sampdoria,1200000,32,09-07-1998,191,0
134,6,Tarik Muharemovic,DEF,US Sassuolo,25000000,15,28-02-2003,192,1
135,6,Sead Kolasinac,DEF,Atalanta Bergamo,4000000,66,20-06-1993,183,0
136,6,Benjamin Tahirovic,MID,Brndby IF,4500000,29,03-03-2003,191,2
137,6,Amar Dedic,DEF,SL Benfica,16000000,29,18-08-2002,180,1
138,6,Armin Gigovic,MID,BSC Young Boys,2500000,21,06-04-2002,187,1
139,6,Samed Bazdar,FWD,Jagiellonia Bia  ystok,1500000,14,31-01-2004,189,1
140,6,Ermedin Demirovic,FWD,VfB Stuttgart,22000000,41,25-03-1998,185,4
141,6,Edin Dzeko,FWD,FC Schalke 04,1000000,148,17-03-1986,192,73
142,6,Mladen Jurkas,GK,FK Borac Banja Luka,700000,0,07-10-2007,193,0
143,6,Ivan Basic,MID,FC Astana,1500000,18,30-04-2002,178,0
144,6,Ivan Sunjic,MID,Pafos FC,2000000,12,09-10-1996,183,0
145,6,Amar Memic,MID,FC Viktoria Plze n,4500000,14,20-01-2001,176,1
146,6,Amir Hadziahmetovic,MID,Hull City FC,4000000,36,08-03-1997,179,0
147,6,Dzenis Burnic,MID,Karlsruher SC,1200000,21,22-05-1998,182,0
148,6,Nikola Katic,DEF,FC Schalke 04,1800000,18,10-10-1996,194,2
149,6,Kerim Alajbegovic,FWD,FC Red Bull Salzburg,22000000,11,21-09-2007,186,1
150,6,Esmir Bajraktarevic,FWD,PSV Eindhoven,8000000,17,10-03-2005,175,1
151,6,Stjepan Radeljic,DEF,HNK Rijeka,2800000,5,05-09-1997,201,0
152,6,Martin Zlomislic,GK,HNK Rijeka,2000000,3,16-08-1998,189,0
153,6,Haris Tabakovic,FWD,Borussia Monchengladbach,3500000,10,20-06-1994,196,4
154,6,Arjan Malic,DEF,SK Sturm Graz,1800000,8,28-08-2005,188,0
155,6,Jovo Lukic,FWD,Universitatea Cluj,2200000,4,28-11-1998,190,1
156,6,Ermin Mahmic,MID,FC Slovan Liberec,5000000,2,14-03-2005,182,0
157,7,Ibrahim Mahmoud Abunada,GK,Al Rayyan SC,400000,7,05-02-2000,185,0
158,7,Miguel Pedro,DEF,Al Sadd SC,150000,112,06-08-1990,180,4
159,7,Michel Lucas,DEF,Al Wakrah SC,350000,28,03-07-1990,179,2
160,7,Gueye Issa Laye,DEF,Al Arabi SC,200000,5,22-12-1997,178,0
161,7,Gaber Jassem,DEF,Al Rayyan SC,500000,38,20-02-2002,181,1
162,7,Hatim Abdulaziz Hatem,MID,Al Rayyan SC,250000,132,01-01-1990,179,11
163,7,Alaaeldin Ahmed,FWD,Al Rayyan SC,300000,78,31-01-1993,179,10
164,7,Junior Edmilson,FWD,Al Duhail SC,1800000,17,19-08-1994,180,0
165,7,Mohammed Mohammed Muntari,FWD,Al Gharafa SC,200000,74,20-12-1993,192,17
166,7,Khalid Hassan Alhaydos,FWD,Al Sadd SC,300000,190,11-12-1990,174,39
167,7,Hassan Akram,FWD,Al Sadd SC,8000000,137,18-11-1996,176,40
168,7,Karim Karim Boudiaf,MID,Al Duhail SC,175000,129,16-09-1990,190,6
169,7,Mohamed Ayoub Aloui,DEF,Al Gharafa SC,375000,8,11-03-2005,181,0
170,7,Elamin Homam,DEF,Cultural Leonesa,500000,77,25-08-1999,188,3
171,7,Abdurisag Yusuf Abdurisag,FWD,Al Wakrah SC,275000,45,06-08-1999,171,3
172,7,KHOUKHIBoualem Boualem,DEF,Al Sadd SC,200000,129,09-07-1990,185,21
173,7,Mohamed Ahmed Alganehi,MID,Al Gharafa SC,500000,15,22-09-2000,175,1
174,7,Hussain Sultan,DEF,Al Duhail SC,300000,20,07-04-1996,178,0
175,7,Ali Zainelabdeen Almoez,FWD,Al Duhail SC,2500000,128,19-08-1996,180,58
176,7,Fathy Ahmed Fathy,MID,Al Arabi SC,250000,55,25-01-1993,171,0
177,7,Zakaria Salah Zakaria,GK,Al Duhail SC,400000,10,24-04-1999,186,0
178,7,Aissa Meshaal Barsham,GK,Al Sadd SC,700000,60,14-02-1998,180,0
179,7,Omer Assim Madibo,MID,Al Wakrah SC,350000,65,22-10-1996,168,0
180,7,Mohammad Tahsin,FWD,Al Duhail SC,200000,5,16-06-2006,166,0
181,7,Alhussein Alhashmi,DEF,Al Arabi SC,250000,10,15-08-2003,182,0
182,7,Naceur Mohamed Manai,FWD,Al Shamal SC,500000,12,25-10-2002,180,0
183,8,Gregor Kobel,GK,Borussia Dortmund,40000000,22,06-12-1997,196,0
184,8,Miro Max Maria Muheim,DEF,Hamburger SV,5000000,11,24-03-1998,182,0
185,8,Silvan Dominic Widmer,DEF,1. FSV Mainz 05,800000,60,05-03-1993,183,5
186,8,Nico Elvedi,DEF,Borussia Monchengladbach,8000000,68,30-09-1996,189,3
187,8,Manuel Obafemi Akanji,DEF,FC Internazionale Milano,17000000,82,19-07-1995,188,4
188,8,Denis Lemi Zakaria,MID,AS Monaco,25000000,66,20-11-1996,189,3
189,8,Breel Donald Embolo,FWD,Stade Rennais FC,15000000,87,14-02-1997,184,25
190,8,Remo Marco Freuler,MID,Bologna FC,3000000,89,15-04-1992,181,11
191,8,Johan Kula Manzambi,MID,SC Freiburg,50000000,13,14-10-2005,182,3
192,8,Granit Xhaka,MID,Sunderland AFC,8000000,147,27-09-1992,183,17
193,8,Dan Ndoye,FWD,Nottingham Forest FC,32000000,32,25-10-2000,184,8
194,8,Yvon Landry Mvogo,GK,FC Lorient,2500000,13,06-06-1994,190,0
195,8,Ricardo Ivan Rodriguez,DEF,Real Betis,1400000,139,25-08-1992,182,9
196,8,Ardon Jashari,MID,AC Milan,25000000,9,30-07-2002,181,0
197,8,Djibril Ibrahima Sow,MID,Sevilla FC,7500000,52,06-02-1997,183,0
198,8,Christian Andreas Fassnacht,FWD,BSC Young Boys,2000000,23,11-11-1993,185,5
199,8,Ruben Estephan Vargas,FWD,Sevilla FC,12000000,62,05-08-1998,179,11
200,8,Eray Ervin Coemert,DEF,Valencia CF,2500000,22,04-02-1998,183,0
201,8,Noah Arinzechukwu Okafor,FWD,Leeds United FC,25000000,25,24-05-2000,185,2
202,8,Michel Aebischer,MID,Pisa SC,4000000,41,06-01-1997,183,2
203,8,Marvin Keller,GK,BSC Young Boys,6000000,1,03-07-2002,189,0
204,8,Fabian Rieder,MID,FC Augsburg,12000000,29,16-02-2002,181,1
205,8,Mohamed Zeki Amdouni,FWD,Burnley FC,7000000,30,04-12-2000,183,11
206,8,Aurele Florian Amenda,DEF,Eintracht Frankfurt,10000000,7,31-07-2003,194,0
207,8,Luca Antony Jaquez,DEF,VfB Stuttgart,10000000,3,02-06-2003,187,0
208,8,Cedric Jan Itten,FWD,Fortuna Dusseldorf,1800000,15,27-12-1996,190,5
209,9,Ramses Alisson,GK,Liverpool FC,15000000,79,02-10-1992,193,0
210,9,Jose Ederson Silva,MID,Atalanta Bergamo,45000000,3,07-07-1999,184,0
211,9,Gabriel Gabriel Magalhaes,DEF,Arsenal FC,75000000,18,19-12-1997,190,1
212,9,MARQUINHOSMarcos,DEF,Paris Saint-Germain,28000000,106,14-05-1994,183,7
213,9,Henrique,MID,Manchester United FC,6000000,87,23-02-1992,185,9
214,9,Sandro Alex,DEF,CR Flamengo,1000000,45,26-01-1991,180,2
215,9,Jose Vinicius,FWD,Real Madrid C. F.,140000000,50,12-07-2000,176,10
216,9,GUIMARAESBruno Bruno,MID,Newcastle United FC,70000000,44,16-11-1997,182,3
217,9,Matheus Matheus Cunha,FWD,Manchester United FC,75000000,24,27-05-1999,183,1
218,9,Neymar Neymar Jr,FWD,Santos FC,8000000,128,05-02-1992,175,79
219,9,Raphael Raphinha,FWD,FC Barcelona,70000000,40,14-12-1996,176,11
220,9,Weverton Weverton,GK,Gremio FBPA,700000,11,13-12-1987,189,0
221,9,Luiz Danilo,DEF,CR Flamengo,2000000,71,15-07-1991,184,1
222,9,Bremer Bremer,DEF,Juventus FC,35000000,8,18-03-1997,188,1
223,9,PEREIRALeonardo Leo,DEF,CR Flamengo,12000000,4,31-01-1996,189,0
224,9,Douglas Douglas Santos,DEF,FC Zenit St. Petersburg,7500000,8,22-03-1994,173,0
225,9,Henrique Fabinho,MID,Al Ittihad,12000000,34,23-10-1993,188,0
226,9,Danilo Danilo Santos,MID,Botafogo,32000000,5,29-04-2001,177,2
227,9,Felipe Endrick,FWD,Olympique Lyonnais,40000000,17,21-07-2006,172,4
228,9,Lucas Lucas Paqueta,MID,CR Flamengo,32000000,64,27-08-1997,183,13
229,9,Henrique Andre Luiz,FWD,FC Zenit St. Petersburg,24000000,16,02-01-2001,182,2
230,9,MARTINELLIGabriel Gabriel,FWD,Arsenal FC,45000000,23,18-06-2001,178,4
231,9,Ederson Ederson,GK,Fenerbahce SK,10000000,32,17-08-1993,188,0
232,9,IBANEZRoger Roger,DEF,Al Ahli FC,18000000,8,23-11-1998,186,0
233,9,Thiago Igor Thiago,FWD,Brentford FC,65000000,5,26-06-2001,190,2
234,9,Vitor Rayan,FWD,AFC Bournemouth,60000000,2,03-08-2006,187,1
235,10,Yassine Bounou,GK,Al Hilal SC,3000000,91,05-04-1991,192,0
236,10,Achraf Hakimi,DEF,Paris Saint-Germain,80000000,97,04-11-1998,180,11
237,10,Noussair Mazraoui,DEF,Manchester United FC,18000000,46,14-11-1997,183,2
238,10,Sofyan Amrabat,MID,Real Betis,10000000,75,21-08-1996,185,0
239,10,Marwane Saadane,DEF,Al Fateh SC,400000,17,17-01-1992,185,1
240,10,Ayyoub Bouaddi,MID,Lille OSC,50000000,4,02-10-2007,185,0
241,10,Chemsdine Talbi,MID,Sunderland AFC,25000000,6,09-05-2005,175,0
242,10,Azz-Eddine Ounahi,MID,Girona FC,10000000,50,19-04-2000,182,9
243,10,Soufiane Rahimi,FWD,Al Ain FC,6000000,38,02-06-1996,180,12
244,10,Brahim Diaz,FWD,Real Madrid C. F.,35000000,27,03-08-1999,170,15
245,10,Ismael Saibari,MID,PSV Eindhoven,40000000,31,28-01-2001,185,10
246,10,Monir El Kajoui,GK,RS Berkane,600000,52,10-05-1989,190,0
247,10,Zakaria El Ouahdi,DEF,KRC Genk,17000000,3,31-12-2001,171,0
248,10,Issa Laye Lucas Jean Diop,DEF,Fulham FC,8000000,5,09-01-1997,194,0
249,10,Samir El Mourabet,MID,RC Strasbourg,22000000,5,06-10-2005,187,0
250,10,Gessime Ben Youssef Mustapha Yassine,MID,RC Strasbourg,12000000,4,22-11-2005,172,0
251,10,Mohamed Amine Sbai,FWD,Angers SCO,4000000,2,05-11-2000,175,0
252,10,Chadi Riad,DEF,Crystal Palace FC,15000000,7,17-06-2003,186,1
253,10,Youssef Belammari,DEF,Al Ahly FC,1200000,18,20-09-1998,175,0
254,10,Ayoub El Kaabi,FWD,Olympiacos FC,4500000,71,25-06-1993,182,36
255,10,Ayoube Amaimouni,FWD,Eintracht Frankfurt,10000000,3,30-11-2004,179,0
256,10,Ahmed Reda Tagnaouti,GK,ASFAR,1000000,3,05-04-1996,194,0
257,10,Bilal El Khannouss,MID,VfB Stuttgart,35000000,38,10-05-2004,180,3
258,10,Neil Yoni El Aynaoui,MID,AS Roma,23000000,17,02-07-2001,185,2
259,10,Redouane Halhal,DEF,KV Mechelen,5000000,3,05-03-2003,189,0
260,10,Anass Salah Eddine,DEF,PSV Eindhoven,12000000,10,18-01-2002,181,0
261,11,Johny Placide,GK,SC Bastia,250000,84,29-01-1988,181,0
262,11,Carlens Jean Fedlaire Ruby Arcus,DEF,Angers SCO,1800000,57,28-06-1996,180,1
263,11,Keeto Thermoncy,DEF,BSC Young Boys,100000,1,29-03-2006,179,0
264,11,Ricardo Ade,DEF,LDU Quito,300000,62,21-05-1990,190,2
265,11,Hannes Piterson Delcroix,DEF,FC Lugano,2000000,8,28-02-1999,183,0
266,11,Carl Fred Sainte,MID,El Paso Locomotive FC,125000,26,09-08-2002,182,0
267,11,Derrick Burckley Etienne,FWD,Toronto FC,800000,50,25-11-1996,178,8
268,11,Martin Yves Roberns Didier Experience,DEF,AS Nancy,400000,22,09-03-1999,178,0
269,11,Duckens Nazon,FWD,Esteghlal Tehran FC,1600000,83,07-04-1994,181,44
270,11,Jean Ricner Bellegarde,MID,Wolverhampton Wanderers FC,16000000,11,27-06-1998,170,0
271,11,Don Deedson Deedson,FWD,FC Dallas,1200000,33,11-02-2001,178,10
272,11,Alexandre Jr Pierre,GK,FC Sochaux-Montbeliard,100000,17,25-02-2001,190,0
273,11,Markhus Lacroix,DEF,Colorado Springs Switchbacks FC,125000,16,14-10-1993,175,3
274,11,Garven-Michee Metusala,DEF,Colorado Springs Switchbacks FC,200000,15,31-12-1999,186,0
275,11,Ruben Fritzner Providence,FWD,Almere City FC,300000,16,07-07-2001,178,3
276,11,Lenny Alvin Pico Joseph,FWD,Ferencvarosi TC,500000,3,12-10-2000,182,1
277,11,Danley Jean Jacques,MID,Philadelphia Union,3000000,32,20-05-2000,182,6
278,11,Wilson Isidor,FWD,Sunderland AFC,18000000,5,27-08-2000,184,2
279,11,Yassin Enzo Fortune,FWD,FC Vizela,400000,5,30-01-1999,186,0
280,11,Frantzdy Pierrot,FWD,Caykur Rizespor,1500000,54,29-03-1995,194,34
281,11,Josue Jeremie Casimir,FWD,AJ Auxerre,3000000,8,24-09-2001,178,0
282,11,Jean-Kevin Duverne,DEF,KAA Gent,2000000,17,12-07-1997,184,1
283,11,Josue Duverger,GK,FC Cosmos Koblenz,125000,7,27-04-2000,187,0
284,11,Wilguens Raphael Polynice Paugain,DEF,SV Zulte Waregem,800000,8,24-08-2001,180,0
285,11,Dominique Celidor Simon,MID,FC Tatran Pre s ov,125000,2,29-07-2000,178,0
286,11,Olivier Woodensky Pierre,MID,Violette AC,100000,1,30-12-2004,177,0
287,12,Angus Fraser James Gunn,GK,Nottingham Forest FC,1000000,23,22-01-1996,196,0
288,12,Aaron Buchanan Hickey,DEF,Brentford FC,16000000,22,10-06-2002,185,0
289,12,Andrew Henry Robertson,DEF,Liverpool FC,7000000,95,11-03-1994,178,4
290,12,Mc,MID,SSC Napoli,4000000,71,08-12-1996,193,15
291,12,Grant Campbell Hanley,DEF,Hibernian FC,200000,69,20-11-1991,188,2
292,12,Kieran Tierney,DEF,Celtic FC,8000000,56,05-06-1997,180,2
293,12,Mc,MID,Aston Villa FC,4000000,87,18-10-1994,178,21
294,12,Tyler Robert Fletcher,MID,Manchester United FC,1000000,2,19-03-2007,183,0
295,12,Lyndon John Dykes,FWD,Charlton Athletic FC,800000,52,07-10-1995,188,10
296,12,Che Sac Everton Fred Adams,FWD,Torino FC,5000000,48,13-07-1996,175,13
297,12,Ryan Christie,MID,AFC Bournemouth,8000000,69,22-02-1995,178,10
298,12,Liam Patrick Kelly,GK,Rangers FC,800000,3,23-01-1996,184,0
299,12,Jack William Hendry,DEF,Al Ettifaq FC,2500000,39,07-05-1995,192,3
300,12,Ross Cameron Stewart,FWD,Southampton FC,2800000,3,11-07-1996,188,0
301,12,John Francis Souttar,DEF,Rangers FC,2000000,24,25-09-1996,186,2
302,12,Dominic John Hyam,DEF,Wrexham AFC,2000000,4,20-12-1995,188,0
303,12,Ben Gannon Gannon-Doak,FWD,AFC Bournemouth,15000000,15,11-11-2005,173,1
304,12,George David Eric Hirst,FWD,Ipswich Town FC,10000000,10,15-02-1999,191,1
305,12,Lewis Ferguson,MID,Bologna FC,14000000,25,24-08-1999,181,1
306,12,Lawrence Shankland,FWD,Heart Of Midlothian FC,3000000,21,10-08-1995,185,7
307,12,Craig Sinclair Gordon,GK,Heart Of Midlothian FC,50000,84,31-12-1982,193,0
308,12,Nathan Kenneth Patterson,DEF,Everton FC,10000000,27,16-10-2001,183,1
309,12,Mc,MID,Norwich City FC,4000000,59,08-01-1992,183,3
310,12,Anthony Ralston,DEF,Celtic FC,1500000,27,16-11-1998,178,1
311,12,Findlay Kenneth Curtis,FWD,Kilmarnock FC,2000000,4,09-06-2006,180,1
312,12,Mc,DEF,GNK Dinamo Zagreb,4000000,50,12-11-1996,189,1
313,13,Matthew Charles Turner,GK,New England Revolution,2500000,54,24-06-1994,190,0
314,13,Sergino Gianni Dest,DEF,PSV Eindhoven,18000000,40,03-11-2000,173,3
315,13,Christopher Jeffrey Richards,DEF,Crystal Palace FC,28000000,37,28-03-2000,189,3
316,13,Tyler Shaan Adams,MID,AFC Bournemouth,25000000,55,14-02-1999,175,2
317,13,Antonee Robinson,DEF,Fulham FC,22000000,55,08-08-1997,183,5
318,13,Auston Levi-Jesaiah Trusty,DEF,Celtic FC,6000000,8,12-08-1998,190,0
319,13,Giovanni Alejandro Reyna,MID,Borussia Monchengladbach,4000000,39,13-11-2002,187,10
320,13,Mc,MID,Juventus FC,7000000,67,28-08-1998,180,12
321,13,Ricardo Daniel Pepi,FWD,PSV Eindhoven,30000000,38,09-01-2003,185,13
322,13,Christian Mate Pulisic,FWD,AC Milan,40000000,87,18-09-1998,177,33
323,13,Brenden Russell Aaronson,FWD,Leeds United FC,22000000,58,22-10-2000,177,9
324,13,Miles Gordon Robinson,DEF,FC Cincinnatti,3500000,40,14-03-1997,187,3
325,13,Timothy Michael Ream,DEF,Charlotte FC,150000,83,05-10-1987,186,1
326,13,Sebastian Matthew Berhalter,MID,Vancouver Whitecaps FC,8000000,14,10-05-2001,175,1
327,13,Cristian Roldan,MID,Seattle Sounders FC,3500000,47,03-06-1995,173,0
328,13,Alexander Michael Freeman,DEF,Villarreal CF,3500000,18,09-08-2004,188,2
329,13,Malik Leon Tillman,MID,Bayer 04 Leverkusen,30000000,31,28-05-2002,187,3
330,13,Maximilian Michael Arfsten,DEF,Columbus Crew,5000000,20,19-04-2001,185,1
331,13,Haji Amir Wright,FWD,Coventry City FC,16000000,20,27-03-1998,191,7
332,13,Folarin Jolaoluwa Balogun,FWD,AS Monaco,40000000,28,03-07-2001,179,11
333,13,Timothy Tarpeh Weah,FWD,Olympique Marseille,20000000,52,22-02-2000,183,7
334,13,Mc,DEF,Toulouse FC,7000000,29,25-02-1999,186,0
335,13,Joseph Michael Scally,DEF,Borussia Monchengladbach,7000000,26,31-12-2002,184,0
336,13,Matthew Andrew Geary Freese,GK,New York City FC,2000000,16,02-09-1998,198,0
337,13,Christopher Keith Brady,GK,Chicago Fire FC,2500000,1,03-03-2004,193,0
338,13,Alejandro Zendejas,FWD,Club America,10000000,14,07-02-1998,167,2
339,14,Roberto Junior Fernandez,GK,Cerro Porteno,100000,30,29-03-1988,191,0
340,14,Victor Gustavo Velazquez,DEF,Cerro Porteno,1000000,14,17-04-1991,189,1
341,14,Omar Federico Alderete,DEF,Sunderland AFC,13000000,37,26-12-1996,190,3
342,14,Juan Jose Caceres,DEF,FC Dynamo Moscow,5000000,18,01-06-2000,187,0
343,14,Fabian Cornelio Balbuena,DEF,Gremio FBPA,900000,47,23-08-1991,188,2
344,14,Junior Osmar Ignacio Alonso,DEF,Atletico Mineiro,1500000,72,09-02-1993,184,3
345,14,Ramon Sosa,MID,SE Palmeiras,10000000,30,31-08-1999,178,1
346,14,Diego Alexander Gomez,MID,Brighton & Hove Albion FC,25000000,25,27-03-2003,183,3
347,14,Arnaldo Antonio Sanabria,FWD,US Cremonese,1800000,49,04-03-1996,180,7
348,14,Miguel Angel Almiron,MID,Atlanta United FC,7000000,77,10-02-1994,178,10
349,14,Mauricio Mauricio,MID,SE Palmeiras,15000000,4,22-06-2001,175,1
350,14,Orlando Daniel Gill,GK,CA San Lorenzo,6000000,7,11-06-2000,190,0
351,14,Jose Maria Canale,DEF,CA Lanus,2200000,2,20-07-1996,192,0
352,14,Adrian Andres Cubas,MID,Vancouver Whitecaps FC,4500000,34,11-05-1996,166,0
353,14,Gustavo Raul Gomez,DEF,SE Palmeiras,3500000,90,06-05-1993,179,4
354,14,Damian Josue Bobadilla,MID,Sao Paulo FC,6000000,20,11-07-2001,180,1
355,14,Alejandro Sebastian Romero Gamarra,FWD,Al Ain FC,3500000,35,11-01-1995,165,6
356,14,Alex Adrian Arce,FWD,CS Independiente Rivadavia,3500000,16,16-06-1995,188,1
357,14,Julio Cesar Enciso,FWD,RC Strasbourg,25000000,33,23-01-2004,168,4
358,14,Braian Oscar Ojeda,MID,Orlando City SC,3500000,17,27-06-2000,173,0
359,14,Gabriel Avalos,FWD,CA Independiente,750000,23,09-07-1991,185,2
360,14,Gaston Hernan Olveira,GK,Club Olimpia,1000000,1,21-04-1993,191,0
361,14,Matias Galarza,MID,Atlanta United FC,3000000,15,11-02-2002,175,3
362,14,Gustavo Ruben Caballero,MID,Portsmouth FC,400000,2,21-09-2001,189,1
363,14,Isidro Miguel Pitta,FWD,Red Bull Bragantino,7500000,5,14-08-1999,185,0
364,14,Alexandro Maidana,DEF,CA Talleres,2500000,2,26-07-2005,173,1
365,15,Mathew David Ryan,GK,Levante UD,1800000,104,08-04-1992,184,0
366,15,Milos Degenek,DEF,APOEL FC,450000,57,28-04-1994,187,1
367,15,Alessandro Circati,DEF,Parma,12000000,14,10-10-2003,191,1
368,15,Jacob Michael Italiano,DEF,Grazer AK,600000,6,30-07-2001,177,0
369,15,Jordan Jacob Bos,DEF,Feyenoord Rotterdam,12000000,28,29-10-2002,180,4
370,15,Jason Kato Geria,DEF,Albirex Niigata,350000,15,10-05-1993,181,0
371,15,Mathew Allan Leckie,FWD,Melbourne City FC,300000,81,04-02-1991,181,14
372,15,Connor Isaac Metcalfe,MID,FC St. Pauli,1500000,37,05-11-1999,183,2
373,15,Mohamed Toure,FWD,Norwich City FC,8000000,11,26-03-2004,186,2
374,15,Ajdin Hrustic,FWD,SC Heracles Almelo,600000,37,05-07-1996,180,3
375,15,Awer Bul Mabil,FWD,CD Castellon,1300000,38,15-09-1995,178,10
376,15,Paul David Izzo,GK,Randers FC,500000,4,06-01-1995,184,0
377,15,Aiden Connor Oneill,MID,New York City FC,3000000,32,04-07-1998,180,0
378,15,Cameron Peter Devlin,MID,Heart Of Midlothian FC,2000000,5,07-06-1998,170,0
379,15,Kai Clifton Trewin,DEF,New York City FC,1800000,6,18-05-2001,183,0
380,15,Aziz Behich,DEF,Melbourne City FC,250000,85,16-12-1990,170,3
381,15,Nestory Irankunda,FWD,Watford FC,8000000,16,09-02-2006,165,6
382,15,Patrick Thomas Beach,GK,Melbourne City FC,1000000,3,06-08-2003,189,0
383,15,Harry James Souttar,DEF,Leicester City FC,6000000,39,22-10-1998,198,11
384,15,Cristian Volpato,FWD,US Sassuolo,10000000,1,15-11-2003,187,0
385,15,Cameron Robert Burgess,DEF,Swansea City AFC,1500000,28,21-10-1995,194,0
386,15,Jackson Alexander Irvine,MID,FC St. Pauli,1000000,83,07-03-1993,189,14
387,15,Nishan Matthew Velupillay,FWD,Melbourne Victory FC,650000,8,07-05-2001,181,3
388,15,Paul Michael Junior Okon-Engstler,MID,Sydney FC,1200000,7,24-01-2005,185,0
389,15,Lucas Herrington,DEF,Colorado Rapids,4500000,4,05-09-2007,193,0
390,15,Tete Owen Yengi,FWD,FC Machida Zelvia,450000,2,28-11-2000,197,1
391,16,Fehmi Mert Gunok,GK,Fenerbahce SK,500000,37,01-03-1989,196,0
392,16,Mehmet Zeki Celik,DEF,AS Roma,14000000,62,17-02-1997,180,3
393,16,Merih Demiral,DEF,Al Ahli FC,12000000,64,05-03-1998,190,6
394,16,Ca g lar Soyuncu,DEF,Fenerbahce SK,3500000,60,23-05-1996,185,2
395,16,Salih Ozcan,MID,Borussia Dortmund,3500000,31,11-01-1998,182,1
396,16,Orkun Kokcu,MID,Be s ikta s  JK,25000000,51,29-12-2000,175,4
397,16,Muhammed Kerem Akturkoglu,FWD,Fenerbahce SK,20000000,53,21-10-1998,172,15
398,16,Arda Guler,FWD,Real Madrid C. F.,90000000,31,25-02-2005,175,6
399,16,Deniz Daniel Gul,FWD,FC Porto,5000000,9,02-07-2004,192,2
400,16,Hakan Calhanoglu,MID,FC Internazionale Milano,16000000,107,08-02-1994,178,22
401,16,Kenan Yildiz,FWD,Juventus FC,75000000,29,04-05-2005,187,5
402,16,Altay Bayindir,GK,Manchester United FC,5000000,12,14-04-1998,198,0
403,16,Evren Eren Elmali,DEF,Galatasaray SK,5000000,23,07-07-2000,181,0
404,16,Abdulker Bardakci,DEF,Galatasaray SK,6500000,28,07-09-1994,185,2
405,16,Ozan Muhammed Kabak,DEF,TSG Hoffenheim,15000000,30,25-03-2000,187,2
406,16,IsmailIsma Yuksek,MID,Fenerbahce SK,15000000,33,26-01-1999,183,1
407,16,Can Irfan Kahveci,FWD,Kasmpa s a SK,3000000,47,15-07-1995,180,6
408,16,Mert Muldur,DEF,Fenerbahce SK,7000000,46,03-04-1999,184,3
409,16,Yunus Akgun,FWD,Galatasaray SK,18000000,20,07-07-2000,173,4
410,16,Ferdi Erenay Kadioglu,DEF,Brighton & Hove Albion FC,35000000,31,07-10-1999,174,2
411,16,Bar s Alper Yilmaz,FWD,Galatasaray SK,30000000,36,23-05-2000,186,4
412,16,Kaan Ayhan,MID,Galatasaray SK,1500000,73,10-11-1994,185,5
413,16,Ugurcan Cakir,GK,Galatasaray SK,15000000,40,05-04-1996,191,0
414,16,Oguz Aydin,FWD,Fenerbahce SK,7000000,11,27-10-2000,183,0
415,16,Samet Akaydin,DEF,Caykur Rizespor,1200000,19,13-03-1994,190,1
416,16,Can Ylmaz Uzun,FWD,Eintracht Frankfurt,45000000,6,11-11-2005,186,1
417,17,Manuel Peter Neuer,GK,FC Bayern Munchen,4000000,125,27-03-1986,193,0
418,17,Antonio Ruediger,DEF,Real Madrid C. F.,6000000,83,03-03-1993,190,3
419,17,Waldemar Anton,DEF,Borussia Dortmund,18000000,14,20-07-1996,189,0
420,17,Jonathan Glao Tah,DEF,FC Bayern Munchen,28000000,48,11-02-1996,195,1
421,17,Aleksandar Pavlovic,MID,FC Bayern Munchen,90000000,12,03-05-2004,188,1
422,17,Joshua Walter Kimmich,DEF,FC Bayern Munchen,35000000,111,08-02-1995,177,10
423,17,Kai Lukas Havertz,FWD,Arsenal FC,55000000,59,11-06-1999,190,24
424,17,Leon Christoph Goretzka,MID,FC Bayern Munchen,12000000,71,06-02-1995,189,15
425,17,Jamie Jaleel Jeremy Leweling,MID,VfB Stuttgart,40000000,5,26-02-2001,185,1
426,17,Jamal Musiala,MID,FC Bayern Munchen,100000000,43,26-02-2003,180,10
427,17,Nick Woltemade,FWD,Newcastle United FC,55000000,11,14-02-2002,198,4
428,17,Oliver Baumann,GK,TSG Hoffenheim,2500000,13,02-06-1990,187,0
429,17,Pascal Alexander GRO GRO Gross,MID,Brighton & Hove Albion FC,2500000,18,15-06-1991,181,1
430,17,Maximilian Beier,FWD,Borussia Dortmund,40000000,9,17-10-2002,185,0
431,17,Nico Cedric Schlotterbeck,DEF,Borussia Dortmund,55000000,28,01-12-1999,191,1
432,17,Angelo Nicolas Stiller,MID,VfB Stuttgart,45000000,8,04-04-2001,183,0
433,17,Florian Richard Wirtz,MID,Liverpool FC,100000000,42,03-05-2003,176,11
434,17,Nathaniel Christopher Brown,DEF,Eintracht Frankfurt,40000000,6,16-06-2003,176,1
435,17,Leroy Aziz Sane,MID,Galatasaray SK,20000000,77,11-01-1996,183,17
436,17,Nadiem Amiri,MID,1. FSV Mainz 05,17000000,11,27-10-1996,178,1
437,17,Alexander Nuebel,GK,VfB Stuttgart,12000000,3,30-09-1996,193,0
438,17,David Raum,DEF,RB Leipzig,25000000,38,22-04-1998,180,1
439,17,Felix Kalu Nmecha,MID,Borussia Dortmund,50000000,9,10-10-2000,190,2
440,17,Malick Thiaw,DEF,Newcastle United FC,45000000,5,08-08-2001,194,0
441,17,Forzan Assan Ouedraogo,MID,RB Leipzig,28000000,1,09-05-2006,191,1
442,17,Deniz Undav,FWD,VfB Stuttgart,22000000,10,19-07-1996,179,7
443,18,Eloy Victor Room,GK,Miami FC,200000,73,06-02-1989,190,0
444,18,Shurandy Ruggerio Sambo,DEF,Sparta Rotterdam,1300000,8,19-08-2001,174,0
445,18,Jurien Godfried Juan Gaari,DEF,Abha Club,450000,60,23-12-1993,183,1
446,18,Roshon Felix Romar Jordan Van Eijma,DEF,RKC Waalwijk,375000,28,09-06-1998,186,1
447,18,Sherel Constancio Floranus,DEF,PEC Zwolle,800000,28,23-08-1998,181,0
448,18,Godfried Roemeratoe,MID,RKC Waalwijk,400000,29,19-08-1999,178,1
449,18,Juninho Gracielo Bacuna,MID,FC Volendam,1700000,51,07-08-1997,178,14
450,18,Livano Shyron Liomar Comenencia,MID,FC Zurich,500000,21,03-02-2004,185,3
451,18,Jurgen Leonardo Locadia,FWD,Miami FC,1800000,14,07-11-1993,193,1
452,18,Leandro Jones Johan Bacuna,MID,I g dr FK,900000,73,21-08-1991,180,16
453,18,Jeremy Cornelis Jacobus Antonisse,FWD,AE Kifisia FC,800000,28,29-03-2002,164,4
454,18,Juniffer Naigelino Hansen,FWD,Middlesbrough FC,3000000,7,18-05-2002,176,1
455,18,Tyrese Yurvencey Noslin,FWD,SC Telstar,750000,7,11-09-2002,182,1
456,18,Kenji Joel Gorre,FWD,Maccabi Haifa FC,800000,38,29-09-1994,174,6
457,18,Jainel Archenir Martha,MID,Rotherham United FC,1200000,9,04-09-2003,180,2
458,18,Jearl Erwin Margaritha,FWD,SK Beveren,1500000,23,10-04-2000,181,5
459,18,Brandley Mack-Olien Kuwas,FWD,FC Volendam,250000,36,19-09-1992,181,2
460,18,Armando Maria Obispo,DEF,PSV Eindhoven,4000000,7,05-03-1999,185,0
461,18,Gervane Zjandric Adonnis Kastaneer,FWD,Terengganu FC,200000,30,09-06-1996,189,9
462,18,Joshua Benjamin Brenet,DEF,Kayserispor,1000000,18,20-03-1994,181,2
463,18,Tahith Jose Girigorio Djorkaef Chong,MID,Shefield United FC,6000000,7,04-12-1999,185,3
464,18,Kevin Antonio Felida,MID,FC Den Bosch,350000,19,11-11-1999,174,1
465,18,Riechedly Guillermo Bazoer,DEF,Konyaspor,1500000,6,12-10-1996,184,0
466,18,Deveron Lenny Fonville,DEF,NEC Nijmegen,1500000,3,16-05-2003,188,0
467,18,Tyrick Jeremy Bodak,GK,SC Telstar,25000,4,15-05-2002,190,0
468,18,Trevor Irving Doornbusch,GK,VVV Venlo,100000,8,06-07-1999,188,0
469,19,Yahia Fofana,GK,Caykur Rizespor,5000000,37,21-08-2000,194,0
470,19,Ousmane Diomande,DEF,Sporting CP,42000000,16,04-12-2003,190,1
471,19,N'clomande Ghislain Konan,DEF,Gil Vicente FC,3000000,55,27-12-1995,176,0
472,19,Jean Michael Seri,MID,NK Maribor,1500000,65,19-07-1991,168,4
473,19,Wilfried Stephane Singo,DEF,Galatasaray SK,23000000,36,25-12-2000,182,1
474,19,Seko Mohamed Fofana,MID,FC Porto,8000000,33,07-05-1995,185,7
475,19,Odilon Dorgeless Kossounou,DEF,Atalanta Bergamo,15000000,37,04-01-2001,191,0
476,19,Franck Yannick Kessie,MID,Al Ahli FC,12000000,105,19-12-1996,183,15
477,19,Ange-Yoan Laurent Bonny,FWD,FC Internazionale Milano,35000000,2,25-10-2003,189,0
478,19,Simon Adingra,FWD,AS Monaco,22000000,29,01-01-2002,175,5
479,19,Yan Diomande,FWD,RB Leipzig,90000000,11,14-11-2006,180,3
480,19,Elye Delmas Wahi,FWD,OGC Nice,18000000,3,02-01-2003,181,0
481,19,Christopher Tea Domoraud Operi,DEF,Ba s ak s ehir FK,4000000,12,29-04-1997,183,0
482,19,Oumar Diakite,FWD,Cercle Brugge,5000000,29,20-12-2003,182,6
483,19,Amad Diallo,FWD,Manchester United FC,45000000,20,11-07-2002,173,7
484,19,Mohamed Kone,GK,Sporting Charleroi,2000000,0,07-03-2002,186,0
485,19,Guela Maho-Lewis Doue,DEF,RC Strasbourg,20000000,21,17-10-2002,187,3
486,19,Ibrahim Sangare,MID,Nottingham Forest FC,20000000,56,02-12-1997,191,11
487,19,Nicolas Pepe,FWD,Villarreal CF,6000000,57,29-05-1995,183,12
488,19,Emmanuel Elysee Djedje Agbadou,DEF,Be s ikta s  JK,16000000,22,17-06-1997,185,2
489,19,Obite Evan Ndicka,DEF,AS Roma,35000000,29,20-08-1999,192,0
490,19,Evann Ludovic Vidjannagni Guessand,FWD,Crystal Palace FC,25000000,21,01-07-2001,188,4
491,19,Alban-Marc Lafont,GK,Panathinaikos FC,3000000,4,23-01-1999,196,0
492,19,Bazoumana Toure,FWD,TSG Hoffenheim,40000000,7,02-03-2006,178,2
493,19,Parfait Guiagon,MID,Sporting Charleroi,5000000,5,22-02-2001,165,0
494,19,Christ Ravynel Inao Oulai,MID,Trabzonspor,23000000,10,06-04-2006,173,0
495,20,Hernan Ismael Galindez,GK,CA Huracan,300000,36,30-03-1987,189,0
496,20,Felix Eduardo Torres,DEF,SC Internacional,1000000,49,11-01-1997,187,5
497,20,Piero Martin Hincapie,DEF,Arsenal FC,50000000,53,09-01-2002,183,2
498,20,Joel Leandro Ordonez,DEF,Club Brugge,33000000,18,21-04-2004,188,0
499,20,Jordy Jose Alcivar,MID,Independiente Del Valle,2500000,11,05-08-1999,168,1
500,20,Willian Joel Pacho,DEF,Paris Saint-Germain,80000000,35,16-10-2001,188,2
501,20,Pervis Josue Estupinan,DEF,AC Milan,12000000,54,21-01-1998,175,5
502,20,Anthony Lenin Valencia,MID,Royal Antwerp FC,1800000,3,21-07-2003,173,1
503,20,John Yeboah,FWD,Venezia FC,1500000,23,23-06-2000,170,3
504,20,Ray Kendry Paez,MID,CA River Plate,8000000,26,04-05-2007,178,2
505,20,Kevin Jose Rodriguez,FWD,Royale Union Saint-Gilloise,6000000,32,04-03-2000,190,2
506,20,Wellington Moises Ramirez,GK,AE Kifisia FC,800000,7,09-09-2000,185,0
507,20,Enner Remberto Valencia,FWD,CF Pachuca,1000000,106,04-11-1989,177,49
508,20,Alan Steve Minda,MID,Atletico Mineiro,3000000,21,14-05-2003,174,2
509,20,Pedro Jeampierre Vite,MID,Pumas UNAM,6000000,18,09-03-2002,172,1
510,20,Jordy Josue Caicedo,FWD,CA Huracan,2000000,20,18-11-1997,186,4
511,20,Angelo Smit Preciado,DEF,Atletico Mineiro,3500000,57,18-02-1998,174,0
512,20,Denil Daniel Castillo,MID,FC Midtjylland,7000000,5,24-03-2004,189,0
513,20,Gonzalo Jordy Plata,FWD,CR Flamengo,9000000,51,01-11-2000,178,8
514,20,Nilson David Angulo,FWD,Sunderland AFC,17000000,15,19-06-2003,184,2
515,20,Alan Steven Franco,MID,Atletico Mineiro,4500000,59,21-08-1998,175,1
516,20,Gonzalo Roberto Valle,GK,LDU Quito,350000,4,28-02-1996,186,0
517,20,Moises Isaac Caicedo,MID,Chelsea FC,100000000,62,02-11-2001,178,3
518,20,Jeremy Alberto Arevalo,FWD,VfB Stuttgart,7000000,4,19-03-2005,182,0
519,20,Jackson Gabriel Porozo,DEF,Club Tijuana,2500000,10,04-08-2000,192,1
520,20,Yaimar Abel Medina,DEF,KRC Genk,4000000,6,05-11-2004,173,0
521,21,Bart Verbruggen,GK,Brighton & Hove Albion FC,40000000,30,18-08-2002,193,0
522,21,Lutsharel Emiliano Geertruida,DEF,Sunderland AFC,20000000,21,18-07-2000,185,0
523,21,Marten Elco De Roon,MID,Atalanta Bergamo,3200000,43,29-03-1991,186,1
524,21,Virgil Van Dijk,DEF,Liverpool FC,15000000,93,08-07-1991,195,13
525,21,Nathan Benjamin Ake,DEF,Manchester City FC,12000000,60,18-02-1995,180,5
526,21,Paul Jan-Paul Van Hecke,DEF,Brighton & Hove Albion FC,45000000,13,08-06-2000,189,0
527,21,Justin Dean Kluivert,MID,AFC Bournemouth,25000000,12,05-05-1999,173,0
528,21,Ryan Jiro Gravenberch,MID,Liverpool FC,80000000,28,16-05-2002,190,1
529,21,Wout Francois Maria Weghorst,FWD,AFC Ajax,2000000,52,07-08-1992,197,14
530,21,Memphis Depay,FWD,SC Corinthians,7000000,110,13-02-1994,178,55
531,21,Cody Mathes Gakpo,FWD,Liverpool FC,60000000,51,07-05-1999,193,21
532,21,Mats Henrik Berne Wieffer,DEF,Brighton & Hove Albion FC,25000000,15,16-11-1999,189,1
533,21,Robin Gerardus Petrus Roefs,GK,Sunderland AFC,28000000,1,17-01-2003,193,0
534,21,Tijjani Martinus Jan Reijnders,MID,Manchester City FC,50000000,33,29-07-1998,178,7
535,21,Micky Van De Ven,DEF,Tottenham Hotspur FC,50000000,22,19-04-2001,193,1
536,21,Guus Berend Til,MID,PSV Eindhoven,15000000,7,22-12-1997,188,1
537,21,Noa Noell Lang,FWD,Galatasaray SK,22000000,15,17-06-1999,176,3
538,21,Donyell Malen,FWD,AS Roma,45000000,54,19-01-1999,178,13
539,21,Brian Ebenezer Adjei Brobbey,FWD,Sunderland AFC,30000000,13,01-02-2002,181,1
540,21,Teun Koopmeiners,MID,Juventus FC,14000000,29,28-02-1998,185,3
541,21,Frenkie De Jong,MID,FC Barcelona,35000000,67,12-05-1997,181,2
542,21,Denzel Justus Morris Dumfries,DEF,FC Internazionale Milano,25000000,73,18-04-1996,188,11
543,21,Mark Maria Hubertus Flekken,GK,Bayer 04 Leverkusen,6000000,12,13-06-1993,195,0
544,21,Crysencio Jilbert Sylverio Cir Summerville,FWD,West Ham United FC,35000000,3,30-10-2001,172,1
545,21,Jorrel Evan Hato,DEF,Chelsea FC,40000000,8,07-03-2006,182,0
546,21,Quinten Ryan Crispito Timber,MID,Olympique Marseille,25000000,12,17-06-2001,176,1
547,22,Zion Suzuki,GK,Parma,20000000,26,21-08-2002,190,0
548,22,Yukinari Sugawara,DEF,SV Werder Bremen,5500000,23,28-06-2000,179,2
549,22,Shogo Taniguchi,DEF,Sint-Truiden VV,750000,40,15-07-1991,185,1
550,22,Kou Itakura,DEF,AFC Ajax,8000000,41,27-01-1997,188,3
551,22,Yuto Nagatomo,DEF,FC Tokyo,100000,145,12-09-1986,170,4
552,22,Shuto Machino,FWD,Borussia Monchengladbach,4000000,14,30-09-1999,185,5
553,22,Ao Tanaka,MID,Leeds United FC,13000000,38,10-09-1998,180,8
554,22,Takefusa Kubo,MID,Real Sociedad,20000000,50,04-06-2001,173,7
555,22,Keisuke Goto,FWD,Sint-Truiden VV,10000000,4,03-06-2005,191,0
556,22,Ritsu Doan,MID,Eintracht Frankfurt,17000000,67,16-06-1998,172,11
557,22,Daizen Maeda,MID,Celtic FC,13000000,29,20-10-1997,173,5
558,22,Keisuke Osako,GK,Sanfrecce Hiroshima,2000000,11,28-07-1999,188,0
559,22,Keito Nakamura,MID,Stade Reims,10000000,27,28-07-2000,180,12
560,22,Junya Ito,MID,KRC Genk,3000000,70,09-03-1993,177,15
561,22,Daichi Kamada,MID,Crystal Palace FC,10000000,50,05-08-1996,180,13
562,22,Tsuyoshi Watanabe,DEF,Feyenoord Rotterdam,10000000,13,05-02-1997,184,0
563,22,Yuito Suzuki,MID,SC Freiburg,24000000,6,25-10-2001,175,0
564,22,Ayase Ueda,FWD,Feyenoord Rotterdam,17000000,41,28-08-1998,182,16
565,22,Koki Ogawa,FWD,NEC Nijmegen,2000000,16,08-08-1997,186,11
566,22,Ayumu Seko,DEF,Le Havre AC,5000000,14,07-06-2000,186,0
567,22,Hiroki Ito,DEF,FC Bayern Munchen,18000000,26,12-05-1999,188,1
568,22,Takehiro Tomiyasu,DEF,AFC Ajax,5000000,44,05-11-1998,187,1
569,22,Tomoki Hayakawa,GK,Kashima Antlers,2000000,4,03-03-1999,187,0
570,22,Kaishu Sano,MID,1. FSV Mainz 05,40000000,15,30-12-2000,176,0
571,22,Junnosuke Suzuki,DEF,FC Kbenhavn,3500000,6,12-07-2003,180,0
572,22,Kento Shiogai,FWD,VfL Wolfsburg,8000000,3,26-03-2005,180,0
573,23,Jacob Mikael Widell Zetterstrom,GK,Derby County FC,2500000,3,11-07-1998,197,0
574,23,Gustaf Johan Lagerbielke,DEF,SC Braga,10000000,12,10-04-2000,193,2
575,23,Victor Jorgen Lindelof,DEF,Aston Villa FC,5000000,77,17-07-1994,187,3
576,23,Isak Malcolm Kwaku Hien,DEF,Atalanta Bergamo,22000000,30,13-01-1999,191,0
577,23,Gabriel Johan Gudmundsson,DEF,Leeds United FC,20000000,25,29-04-1999,181,0
578,23,Herman Nils Johansson,DEF,FC Dallas,1800000,3,16-10-1997,190,0
579,23,Lucas Erik Holger Bergvall,MID,Tottenham Hotspur FC,35000000,11,02-02-2006,187,0
580,23,Daniel Jonathan Svensson,DEF,Borussia Dortmund,22000000,14,12-02-2002,183,0
581,23,Alexander Isak,FWD,Liverpool FC,85000000,59,21-09-1999,190,18
582,23,Erik Benjamin Nygren,MID,Celtic FC,14000000,12,08-07-2001,187,3
583,23,Anthony David Junior Elanga,FWD,Newcastle United FC,32000000,31,27-04-2002,178,6
584,23,Tobias Viktor Johansson,GK,Stoke City FC,12000000,12,14-09-1998,187,0
585,23,Ken Sema,MID,Pafos FC,800000,32,30-09-1993,180,5
586,23,Hjalmar Ekdal,DEF,Burnley FC,5000000,13,21-10-1998,187,0
587,23,Carl Anders Theodor Starfelt,DEF,RC Celta Vigo,4500000,18,01-06-1995,185,0
588,23,Jesper Kewe Karlstrom,MID,Udinese,4000000,25,21-06-1995,182,0
589,23,Viktor Einar Gyokeres,FWD,Arsenal FC,65000000,34,04-06-1998,189,21
590,23,Yasin Ayari,MID,Brighton & Hove Albion FC,35000000,22,06-10-2003,172,5
591,23,Mattias Olof Svanberg,MID,VfL Wolfsburg,8000000,41,05-01-1999,186,3
592,23,Eric Anders Smith,DEF,FC St. Pauli,5000000,2,08-01-1997,192,0
593,23,Alexander Olof Bernhardsson,DEF,Holstein Kiel,3000000,12,08-09-1998,184,0
594,23,Besfort Zeneli,MID,Royale Union Saint-Gilloise,6000000,8,21-11-2002,187,0
595,23,Bo Kristoffer Nordfeldt,GK,AIK Stockholm,175000,22,23-06-1989,190,0
596,23,Elliot Karl Stroud,DEF,Mjallby AIF,5000000,2,22-06-2002,185,0
597,23,Hakan Gustaf Nilsson,FWD,Club Brugge,1800000,9,23-05-1997,197,4
598,23,Taha Abdi Ali,FWD,Malmo FF,1500000,2,01-07-1998,174,0
599,24,Abdelmouhib Chamakh,GK,Club Africain,600000,4,25-08-2001,189,0
600,24,Ali Abdi,DEF,OGC Nice,2000000,47,20-12-1993,177,7
601,24,Montassar Omar Talbi,DEF,FC Lorient,8000000,65,26-05-1998,190,4
602,24,Omar Rekik,DEF,NK Maribor,600000,7,20-12-2001,188,1
603,24,Adam Arous,DEF,Kasmpa s a SK,4000000,2,17-07-2004,188,0
604,24,Dylan Daniel Mahmoud Bronn,DEF,Servette FC,600000,52,19-06-1995,186,2
605,24,Mohamed Elyes Achouri,FWD,FC Kbenhavn,3000000,31,10-02-1999,187,5
606,24,Elias Saad,FWD,Hannover 96,3000000,16,27-12-1999,185,3
607,24,Hazem Mastouri,FWD,FC Dynamo Makhachkala,900000,19,18-06-1997,191,4
608,24,Hannibal Mejbri,MID,Burnley FC,15000000,46,21-01-2003,177,1
609,24,Ismael Seifallah Gharbi,MID,FC Augsburg,5000000,18,10-04-2004,180,2
610,24,Ahmed Mortadha Ben Ouanes,DEF,Kasmpa s a SK,1500000,18,02-07-1994,188,0
611,24,Rani Khedira,MID,1. FC Union Berlin,2000000,4,27-01-1994,188,0
612,24,Khalil Ayari,MID,Paris Saint-Germain,200000,4,02-02-2005,174,0
613,24,Mohamed Hadj Mahmoud,MID,FC Lugano,2000000,10,24-04-2000,179,0
614,24,Aymen Dahmen,GK,CS Sfaxien,800000,37,28-01-1997,188,0
615,24,Ellyes Joris Skhiri,MID,Eintracht Frankfurt,5000000,84,10-05-1995,185,4
616,24,Rayan Elloumi,FWD,Vancouver Whitecaps FC,800000,4,17-09-2007,180,0
617,24,Firas Chaouat,FWD,Club Africain,350000,31,08-05-1996,185,6
618,24,Yan Valery,DEF,BSC Young Boys,1500000,23,22-02-1999,181,0
619,24,Mohamed Amine Ben Hmida,DEF,Esperance De Tunisie,700000,14,15-12-1995,181,0
620,24,Sabri Ben Hessen,GK,Etoile Du Sahel,550000,1,13-06-1996,189,0
621,24,Moutaz Neffati,DEF,IFK Norrkoping FK,250000,5,04-09-2004,182,0
622,24,Raed Chikhaoui,DEF,US Monastir,150000,0,09-06-2004,191,0
623,24,Anis Slimane,MID,Norwich City FC,2500000,41,16-03-2001,188,4
624,24,Sebastian Tounekti,MID,Celtic FC,5000000,13,13-07-2002,182,1
625,25,Thibaut Nicolas Courtois,GK,Real Madrid C. F.,15000000,110,11-05-1992,199,0
626,25,Zeno Koen Debast,DEF,Sporting CP,28000000,26,24-10-2003,189,1
627,25,Arthur Nicolas Theate,DEF,Eintracht Frankfurt,17000000,33,25-05-2000,185,1
628,25,Brandon Erik Mechele,DEF,Club Brugge,2800000,10,28-01-1993,190,1
629,25,Maxim Peter De Cuyper,DEF,Brighton & Hove Albion FC,22000000,20,22-12-2000,182,4
630,25,Axel Laurent Witsel,MID,Girona FC,1200000,138,12-01-1989,186,12
631,25,Kevin De Bruyne,MID,SSC Napoli,8000000,120,28-06-1991,181,37
632,25,Youri Marion Tielemans,MID,Aston Villa FC,30000000,86,07-05-1997,176,13
633,25,Romelu Lukaku,FWD,SSC Napoli,6000000,127,13-05-1993,190,90
634,25,Leandro Trossard,FWD,Arsenal FC,18000000,52,04-12-1994,172,12
635,25,Jeremy Baffour Doku,FWD,Manchester City FC,75000000,44,27-05-2002,173,7
636,25,Senne Lammens,GK,Manchester United FC,35000000,2,07-07-2002,193,0
637,25,Mike Louis Penders,GK,RC Strasbourg,25000000,0,31-07-2005,200,0
638,25,Dodi Lukebakio,FWD,SL Benfica,15000000,30,24-09-1997,184,6
639,25,Thomas Andre Meunier,DEF,Lille OSC,1500000,81,12-09-1991,190,10
640,25,Koni De Winter,DEF,AC Milan,23000000,8,12-06-2002,191,0
641,25,Charles Marc De Ketelaere,FWD,Atalanta Bergamo,30000000,31,10-03-2001,192,6
642,25,Joaquin Ronny Seys,DEF,Club Brugge,20000000,5,28-03-2005,178,0
643,25,Diego Manuel Moreira,MID,RC Strasbourg,25000000,3,06-08-2004,179,0
644,25,Hans Vanaken,MID,Club Brugge,5000000,35,24-08-1992,195,7
645,25,Timothy Castagne,DEF,Fulham FC,8000000,64,05-12-1995,185,2
646,25,Alexis Jesse Saelemaekers,MID,AC Milan,20000000,24,27-06-1999,180,2
647,25,Nicolas Thierry Raskin,MID,Rangers FC,12000000,14,23-02-2001,178,2
648,25,Amadou Ba Onana,MID,Aston Villa FC,45000000,30,16-08-2001,192,1
649,25,Nathan Ngoy,DEF,Lille OSC,25000000,5,10-06-2003,183,0
650,25,Matias Fernandez-Pardo,FWD,Lille OSC,35000000,3,03-02-2005,188,0
651,26,Elsayed Mohamed Mohamed Elshenawy,GK,Al Ahly FC,500000,77,18-12-1988,191,0
652,26,Ahmed Ibrahim Yasser,DEF,Al Ahly FC,275000,19,10-02-1993,185,1
653,26,Hany Gamal Mohamed Hany,DEF,Al Ahly FC,1500000,44,02-02-1996,175,0
654,26,Abdelmegeed Abdelsalam Hossam Abdelmaguid,DEF,Zamalek SC,2000000,13,30-04-2001,193,0
655,26,Abdelaziz Moustafa Ramy Rabia,DEF,Al Ain FC,600000,48,20-05-1993,183,6
656,26,Abdelmoneim Elsayed Mohamed,DEF,OGC Nice,2500000,36,01-02-1999,184,3
657,26,Ahmed Ibrahim Trezeguet,FWD,Al Ahly FC,4500000,96,01-10-1994,181,23
658,26,Ashour Metwaly Emam,MID,Al Ahly FC,2000000,30,20-02-1998,180,1
659,26,Mohamed Abdelkarim Hamza,FWD,FC Barcelona,800000,3,01-01-2008,182,0
660,26,Hamed Mahrous Mohamed Salah,FWD,Liverpool FC,22000000,117,15-06-1992,175,67
661,26,Mohamed Zaky Mostafa Zico,MID,Pyramids FC,1500000,3,27-04-1997,179,2
662,26,Yousry Fouad Haissem Hassan,FWD,Real Oviedo,3500000,4,08-02-2002,175,0
663,26,Mohamed Aboelfetouh Ahmed Fatouh,DEF,Zamalek SC,1000000,40,22-03-1998,177,1
664,26,Fathy Abdelhalim Hamdy Fathy,MID,Al Wakrah SC,1800000,65,29-09-1994,183,4
665,26,Hafez Ramadan Karim Hafez,DEF,Pyramids FC,600000,10,12-03-1996,174,0
666,26,Mohamed Soliman Mahdy Soliman,GK,Zamalek SC,150000,0,08-06-1987,189,0
667,26,Mostafa Ahmed Mohanad Lashin,MID,Pyramids FC,1000000,24,29-05-1996,186,0
668,26,Aly Elmahdy Nabil,MID,Al Najmah SC,1000000,12,06-04-1996,179,0
669,26,Attia Fahim Marawan Attia,MID,Al Ahly FC,2200000,36,01-08-1998,176,1
670,26,Adel Aly Mohamed Ibrahim,FWD,FC Nordsjlland,2500000,25,23-04-2001,178,3
671,26,Saber Abdelmohsen Mahmoud,MID,ZED FC,1500000,15,30-07-2001,170,1
672,26,Mohamed Abdelsalam Omar,FWD,Manchester City FC,50000000,51,07-02-1999,180,11
673,26,Abdelaziz Mohame Mostafa,GK,Al Ahly FC,1200000,11,15-05-2000,195,0
674,26,Abdelghaffar Abdel Tarek Alaa,DEF,ZED FC,400000,3,05-01-2002,178,0
675,26,Mostafa Mohamed Zizo,FWD,Al Ahly FC,5000000,65,10-01-1996,175,5
676,26,Alaaeldin Soliman Mohamed Alaa,GK,El Gouna FC,75000,0,01-01-1999,188,0
677,27,Ali Reza Beiranvand,GK,Tractor Sazi Tabriz FC,1200000,88,21-09-1992,195,0
678,27,Saleh Hardani,DEF,Esteghlal Tehran FC,750000,18,26-12-1998,176,1
679,27,Ehsan Hajisafi,DEF,Sepahan SC,275000,147,25-02-1990,178,7
680,27,Shojae Khalilzadeh,DEF,Tractor Sazi Tabriz FC,200000,59,14-05-1989,183,2
681,27,Milad Mohammadi,DEF,Persepolis FC,1300000,78,29-09-1993,175,1
682,27,Saeid Ezatolahi,MID,Shabab Al Ahli Club,900000,85,01-10-1996,189,2
683,27,Alireza Jahanbakhsh,MID,FCV Dender EH,500000,99,11-08-1993,180,17
684,27,Mohammad Mohebbi,MID,FC Rostov,2500000,38,20-12-1998,187,14
685,27,Mehdi Taremi,FWD,Olympiacos FC,2000000,107,18-07-1992,187,59
686,27,Mehdi Ghayedi,FWD,Al Nasr SC,4500000,31,05-12-1998,166,10
687,27,Ali Alipour,FWD,Persepolis FC,1700000,15,11-11-1995,181,1
688,27,Seyedpayam Niazmand,GK,Persepolis FC,750000,15,06-04-1995,193,0
689,27,Mohammadhossein Kanani,DEF,Persepolis FC,2000000,65,23-03-1994,188,6
690,27,Seyed Saman Ghoddos,MID,Al Ittihad Kalba SCC,2000000,69,06-09-1993,176,3
691,27,Roozbeh Cheshmi,MID,Esteghlal Tehran FC,300000,41,24-07-1993,192,3
692,27,Mahdi Torabi,MID,Tractor Sazi Tabriz FC,1800000,52,10-09-1994,185,7
693,27,Arya Yousefi,DEF,Sepahan SC,450000,15,22-04-2002,181,1
694,27,Amirhossein Hosseinzadeh,FWD,Tractor Sazi Tabriz FC,2200000,19,30-10-2000,178,5
695,27,Ali Nemati,DEF,Foolad Khuzestan FC,25000,19,08-02-1996,182,0
696,27,Shahriyar Moghanloo,FWD,Al Ittihad Kalba SCC,900000,22,21-12-1994,189,2
697,27,Mohammad Ghorbani,MID,Al Wahda SC,1200000,16,07-10-2001,190,0
698,27,Seyedhossein Hosseini,GK,Sepahan SC,550000,14,30-06-1992,189,0
699,27,Ramin Rezaeian,DEF,Foolad Khuzestan FC,250000,75,21-03-1990,184,9
700,27,Dennis Dargahi,FWD,Standard Liege,2000000,0,09-01-1997,182,0
701,27,Danial Iri,DEF,Malavan Anzali FC,150000,0,26-10-2003,182,0
702,27,Amirmohammad Razaghinia,MID,Esteghlal Tehran FC,150000,4,11-04-2006,187,0
703,28,Maxime Teremoana Crocombe,GK,Millwall FC,1000000,25,12-08-1993,190,0
704,28,Timothy John Payne,DEF,Wellington Phoenix FC,350000,53,10-01-1994,179,3
705,28,Francis De Vries,DEF,Auckland FC,600000,20,28-11-1994,181,1
706,28,Tyler Grant Bindon,DEF,Shefield United FC,3500000,26,27-01-2005,190,2
707,28,Michael Joseph Boxall,DEF,Minnesota United FC,150000,65,18-08-1988,191,1
708,28,Joe Zen Robert Bell,MID,Viking Stavanger,3500000,33,27-04-1999,182,1
709,28,Logan Tipene Rogerson,FWD,Auckland FC,400000,18,28-05-1998,182,2
710,28,Marko Seufatu Nikola Stamenic,MID,Swansea City AFC,3000000,41,19-02-2002,188,3
711,28,Christopher Grant Wood,FWD,Nottingham Forest FC,5000000,91,07-12-1991,191,45
712,28,Sarpreet Singh,MID,Wellington Phoenix FC,500000,29,20-02-1999,180,3
713,28,Elijah Henry Just,MID,Motherwell FC,2500000,45,01-05-2000,176,11
714,28,Alexander Noah Paulsen,GK,Lechia Gda n sk,500000,8,04-07-2002,193,0
715,28,Liberato Gianpaolo Cacace,DEF,Wrexham AFC,2500000,38,27-09-2000,182,1
716,28,Alex Arthur Rufer,MID,Wellington Phoenix FC,600000,26,12-06-1996,180,0
717,28,Nando Zen Pijnaker,DEF,Auckland FC,400000,26,25-02-1999,185,0
718,28,Finn Surman,DEF,Portland Timbers,1800000,20,23-09-2003,190,2
719,28,Kosta Barbarouses,FWD,WS Wanderers FC,300000,76,19-02-1990,171,10
720,28,Benjamin Peter Waine,FWD,Port Vale FC,400000,31,11-06-2001,185,9
721,28,Benjamin Craig Old,MID,AS Saint-Etienne,1800000,25,13-08-2002,173,2
722,28,Mc,MID,Silkeborg IF,300000,34,30-04-1999,180,5
723,28,Jesse Carmichael Randall,FWD,Auckland FC,900000,12,19-08-2002,176,2
724,28,Michael Cornelis Woud,GK,Auckland FC,400000,7,16-01-1999,196,0
725,28,Ryan Jared Thomas,MID,PEC Zwolle,650000,26,20-12-1994,176,3
726,28,Callan Rennie Elliot,DEF,Auckland FC,450000,12,07-07-1999,177,0
727,28,Lachlan Ryan Bayliss,MID,Newcastle United Jets FC,550000,4,24-07-2002,178,0
728,28,Thomas Jefferson Smith,DEF,Braintree Town FC,50000,57,31-03-1990,188,2
729,29,David Raya,GK,Arsenal FC,30000000,13,15-09-1995,186,0
730,29,Marc Pubill,DEF,Atletico De Madrid,35000000,2,20-06-2003,191,0
731,29,Alejandro Grimaldo,DEF,Bayer 04 Leverkusen,20000000,14,20-09-1995,171,0
732,29,Eric Garcia,DEF,FC Barcelona,40000000,21,09-01-2001,183,0
733,29,Marcos Llorente,DEF,Atletico De Madrid,20000000,25,30-01-1995,183,0
734,29,Mikel Merino,MID,Arsenal FC,25000000,44,22-06-1996,188,10
735,29,Ferran Torres,FWD,FC Barcelona,50000000,58,29-02-2000,183,24
736,29,Fabian Ruiz,MID,Paris Saint-Germain,30000000,43,03-04-1996,188,6
737,29,Pablo Gavi,MID,FC Barcelona,30000000,31,05-08-2004,173,5
738,29,Daniel Olmo,FWD,FC Barcelona,60000000,51,07-05-1998,179,12
739,29,Yeremy Jesus Pino,FWD,Crystal Palace FC,30000000,23,20-10-2002,174,4
740,29,Pedro Antonio Porro,DEF,Tottenham Hotspur FC,35000000,18,13-09-1999,173,0
741,29,Joan Garcia,GK,FC Barcelona,45000000,2,04-05-2001,194,0
742,29,Aymeric Laporte,DEF,Athletic Club,8000000,47,27-05-1994,191,2
743,29,Alejandro Baena,MID,Atletico De Madrid,40000000,17,20-07-2001,172,2
744,29,Rodrigo Rodri,MID,Manchester City FC,50000000,63,22-06-1996,190,4
745,29,Nicholas Williams,FWD,Athletic Club,40000000,31,12-07-2002,181,6
746,29,Martin Zubimendi,MID,Arsenal FC,75000000,26,02-02-1999,181,3
747,29,Lamine Yamal Yamal,FWD,FC Barcelona,200000000,26,13-07-2007,183,6
748,29,Pedro Pedri,MID,FC Barcelona,150000000,42,25-11-2002,174,6
749,29,Mikel Oyarzabal,FWD,Real Sociedad,25000000,54,21-04-1997,181,25
750,29,Pau Cubarsi,DEF,FC Barcelona,80000000,13,22-01-2007,183,0
751,29,Unai Simon,GK,Athletic Club,22000000,59,11-06-1997,190,0
752,29,Marc Cucurella,DEF,Chelsea FC,50000000,25,22-07-1998,173,1
753,29,Victor Munoz,FWD,CA Osasuna,30000000,2,13-07-2003,173,1
754,29,Borja Iglesias,FWD,RC Celta Vigo,2800000,8,17-01-1993,187,0
755,30,Jose Vozinha,GK,GD Chaves,50000,91,03-06-1986,189,0
756,30,Ianique Stopira,DEF,SCU Torreense,50000,61,20-05-1988,178,4
757,30,Alberto Diney,DEF,Al Bataeh Club,1000000,33,17-01-1995,185,2
758,30,Carlos Pico Lopes,DEF,Shamrock Rovers FC,250000,46,17-06-1992,186,0
759,30,Evans Logan Costa,DEF,Villarreal CF,15000000,28,01-04-2001,190,0
760,30,Lenini Kevin Pina,MID,FC Krasnodar,5000000,32,27-01-1997,177,3
761,30,Eduardo Jovane,MID,CF Estrela Da Amadora,1000000,30,14-06-1998,174,3
762,30,Paulo Joao Paulo,MID,FC FCSB,900000,42,26-05-1998,180,1
763,30,BENCHIMOLGilson Gilson,FWD,FC Akron Tolyatti,1200000,21,29-12-2001,187,6
764,30,Gregory Jamiro Monteiro,MID,PEC Zwolle,650000,56,23-11-1993,175,5
765,30,RODRIGUESGarry Garry,MID,Apollon Limassol,325000,61,27-11-1990,173,10
766,30,Salomao Marcio,GK,PFC Montana,350000,11,23-02-1997,186,0
767,30,CABRALSidny Sidny Lopes,DEF,SL Benfica,4000000,12,18-09-2002,176,3
768,30,Deroy Deroy Duarte,MID,PFC Ludogorets Razgrad,1000000,34,04-07-1999,177,0
769,30,Michael Laros Duarte,MID,Puskas Akademia FC,1000000,21,28-02-1997,180,1
770,30,SEMEDOJair Yannick,MID,SC Farense,250000,11,29-12-1995,176,1
771,30,Johnson Willy,MID,AC Omonia,700000,39,27-04-1994,185,3
772,30,Emanuel Telmo,MID,Vitoria SC,3000000,17,21-06-2001,180,1
773,30,Dailon Dailon Livramento,FWD,Casa Pia AC,800000,23,04-05-2001,185,7
774,30,Isaac Ryan,FWD,I g dr FK,250000,99,08-01-1990,178,22
775,30,Miguel Nuno Da Costa,MID,Ba s ak s ehir FK,400000,10,10-02-1991,182,2
776,30,MOREIRASteven Steven,DEF,Columbus Crew,1500000,21,13-08-1994,178,0
777,30,Joaquim Cj Dos Santos,GK,San Diego FC,1000000,1,24-08-2000,189,0
778,30,Fabricio Wagner Pina,DEF,Trabzonspor,11000000,14,03-11-2002,180,0
779,30,PIRESKelvin Kelvin,DEF,SJK,350000,6,05-06-2000,193,1
780,30,Sandro Helio Varela,MID,Maccabi Tel-Aviv FC,1200000,21,03-05-2002,176,0
781,31,Dhahi Nawaf Alaqidi,GK,Al Nassr FC,650000,24,10-05-2000,186,0
782,31,Hassan Ali Majrashi,DEF,Al Ahli FC,1400000,21,02-10-1999,169,0
783,31,Mohammed Ali Lajami,DEF,Al Hilal SC,750000,25,24-04-1996,177,1
784,31,Ali Abdulelah Alamri,DEF,Al Nassr FC,1400000,45,15-01-1997,185,2
785,31,Mohammed Hassan Altambakti,DEF,Al Hilal SC,1800000,55,09-02-1999,183,1
786,31,Essa Nasser Aldawsari,MID,Al Hilal SC,900000,48,19-12-1998,178,1
787,31,Fahad Musab Aljuwayr,MID,Al Qadsiah FC,6000000,38,20-06-2003,175,6
788,31,Yahya Aiman Yahya,FWD,Al Nassr FC,1200000,26,14-05-2001,173,0
789,31,Tariq Feras,FWD,Al Ahli FC,3500000,73,14-05-2000,185,16
790,31,Mohammed Salem Aldawsari,FWD,Al Hilal SC,1200000,112,19-08-1991,173,27
791,31,Khalid Saleh,FWD,Al Ittihad,500000,59,01-11-1993,184,17
792,31,Abdullah Saud Abdulhamid,DEF,RC Lens,9000000,56,18-07-1999,172,1
793,31,Meshari Nawaf Bu Washl,DEF,Al Nassr FC,1400000,28,16-09-1999,173,0
794,31,Kadish Hassan,DEF,Al Ittihad,275000,21,26-09-1992,179,2
795,31,Mohammed Abdullah Alkhaibari,MID,Al Nassr FC,750000,43,16-08-1996,175,0
796,31,Mubarak Ziyad Aljohani,MID,Al Ahli FC,800000,12,11-11-2001,180,0
797,31,Essa Khalid Alghannam,FWD,Al Ettifaq FC,300000,7,08-11-2000,171,0
798,31,Mohsen Ala Alhajji,MID,Neom SC,300000,4,03-12-1995,178,0
799,31,Abdulrahman Abdullah Alhamddan,FWD,Al Nassr FC,350000,53,13-09-1999,186,13
800,31,Ahmed Sultan Mandash,FWD,Al Hilal SC,350000,7,17-10-1994,172,2
801,31,Khalil Mohammed Alowais,GK,Al Ula Saudi FC,275000,66,10-10-1991,185,0
802,31,Ali Ahmed,GK,Al Qadsiah FC,3000000,9,08-05-1991,178,0
803,31,Ibrahim Mohamed,MID,Al Hilal SC,800000,80,22-09-1994,191,8
804,31,Saad Moteb Alharbi,DEF,Al Hilal SC,1000000,14,20-02-2000,177,0
805,31,Abdullatif Jehad Thikri,DEF,Al Qadsiah FC,1200000,8,21-07-2001,184,0
806,31,Waheeb Mohammed Abu Alshamat,DEF,Al Qadsiah FC,1800000,9,11-08-2002,170,0
807,32,Sergio Ramon Rochet,GK,SC Internacional,1800000,35,23-03-1993,189,0
808,32,Jose Maria Gimenez,DEF,Atletico De Madrid,9000000,99,20-01-1995,186,8
809,32,Sebastian Enzo Caceres,DEF,Club America,4500000,24,18-08-1999,180,0
810,32,Ronald Federico Araujo,DEF,FC Barcelona,20000000,27,07-03-1999,185,1
811,32,Manuel Ugarte,MID,Manchester United FC,25000000,36,11-04-2001,182,1
812,32,Rodrigo Bentancur,MID,Tottenham Hotspur FC,20000000,74,25-06-1997,187,3
813,32,Diego Nicolas De La Cruz,MID,CR Flamengo,8000000,35,01-06-1997,167,5
814,32,Federico Santiago Valverde,MID,Real Madrid C. F.,90000000,74,22-07-1998,182,9
815,32,Darwin Gabriel Nunez,FWD,Al Hilal SC,20000000,39,24-06-1999,185,13
816,32,Giorgian Daniel De Arrascaeta,MID,CR Flamengo,14000000,59,01-06-1994,177,13
817,32,Facundo Pellistri,FWD,Panathinaikos FC,5000000,39,20-12-2001,174,2
818,32,Santiago Andres Mele,GK,CF Monterrey,2000000,8,06-09-1997,185,0
819,32,Guillermo Varela,DEF,CR Flamengo,1000000,28,24-03-1993,174,0
820,32,Agustin Canobbio,MID,Fluminense FC,8000000,15,01-10-1998,176,1
821,32,Emiliano Martinez,MID,SE Palmeiras,6500000,10,17-08-1999,184,0
822,32,Mathias Olivera,DEF,SSC Napoli,15000000,36,31-10-1997,174,2
823,32,Matias Nicolas Vina,DEF,CA River Plate,3500000,44,09-11-1997,180,1
824,32,Paul Brian Rodriguez,FWD,Club America,8000000,34,20-05-2000,175,4
825,32,Rodrigo Sebastian Aguirre,FWD,Tigres UANL,2300000,11,01-10-1994,182,3
826,32,Maximiliano Javier Araujo,MID,Sporting CP,35000000,29,15-02-2000,176,4
827,32,Federico Sebastian Vinas,FWD,Real Oviedo,4000000,12,30-06-1998,181,2
828,32,Joaquin Piquerez,MID,SE Palmeiras,12000000,19,24-08-1998,185,0
829,32,Nestor Fernando Muslera,GK,Estudiantes LP,700000,135,16-06-1986,190,0
830,32,Santiago Ignacio Bueno,DEF,Wolverhampton Wanderers FC,10000000,8,09-11-1998,191,0
831,32,Juan Manuel Sanabria,MID,Real Salt Lake,4000000,6,29-03-2000,170,1
832,32,Radrigo Zalazar,MID,SC Braga,30000000,7,12-08-1999,175,2
833,33,Brice Lauriche Samba,GK,Stade Rennais FC,7000000,4,25-04-1994,187,0
834,33,Malo Arthur Gusto,DEF,Chelsea FC,35000000,11,19-05-2003,179,0
835,33,Lucas Digne,DEF,Aston Villa FC,6000000,58,20-07-1993,178,0
836,33,Dayotchanculle Oswald Upamecano,DEF,FC Bayern Munchen,70000000,39,27-10-1998,186,2
837,33,Jules Olivier Kounde,DEF,FC Barcelona,60000000,49,12-11-1998,178,0
838,33,Emmanuel Boris Kone,MID,AS Roma,50000000,14,17-05-2001,185,0
839,33,Masour Ousmane Dembele,FWD,Paris Saint-Germain,100000000,60,15-05-1997,179,7
840,33,Aurelien Djani Tchouameni,MID,Real Madrid C. F.,70000000,47,27-01-2000,188,3
841,33,Marcus Lilian Thuram,FWD,FC Internazionale Milano,50000000,34,06-08-1997,192,3
842,33,Kylian Mbappe,FWD,Real Madrid C. F.,180000000,99,20-12-1998,180,58
843,33,Michael Akpovie Olise,FWD,FC Bayern Munchen,150000000,18,12-12-2001,184,7
844,33,Bradley Jean-Manuel Essolisa Barcola,FWD,Paris Saint-Germain,70000000,21,02-09-2002,187,4
845,33,N'golo Kante,MID,Fenerbahce SK,4000000,69,29-03-1991,171,2
846,33,Adrien Thibault Marie Rabiot,MID,AC Milan,18000000,60,03-04-1995,191,7
847,33,Ibrahima Konate,DEF,Liverpool FC,45000000,28,25-05-1999,194,0
848,33,Mike Peterson Maignan,GK,AC Milan,20000000,41,03-07-1995,191,0
849,33,William Alain Andre Gabriel Saliba,DEF,Arsenal FC,100000000,33,24-03-2001,192,0
850,33,Warren Marie Jean-Pierre Zaire-Emery,MID,Paris Saint-Germain,80000000,11,08-03-2006,176,1
851,33,Theo Bernard Francois Hernandez,DEF,Al Hilal SC,20000000,45,06-10-1997,184,2
852,33,Desire Nonka-Maho Doue,FWD,Paris Saint-Germain,120000000,8,03-06-2005,182,2
853,33,Lucas Francois Bernard Hernandez,DEF,Paris Saint-Germain,18000000,42,14-02-1996,184,0
854,33,Jean-Philippe Mateta,FWD,Crystal Palace FC,30000000,4,28-06-1997,192,2
855,33,Robin Francois Philippe Risser,GK,RC Lens,30000000,0,02-12-2004,193,0
856,33,Mathis Rayan Cherki,MID,Manchester City FC,90000000,8,17-08-2003,180,2
857,33,Maghnes Akliouche,MID,AS Monaco,50000000,9,25-02-2002,183,1
858,33,Maxence Guy Lacroix,DEF,Crystal Palace FC,50000000,4,06-04-2000,192,0
859,34,Yehvann Djibril Victor Diouf,GK,OGC Nice,7000000,2,16-11-1999,188,0
860,34,Mamadou Sarr,DEF,Chelsea FC,22000000,8,29-08-2005,194,0
861,34,Kalidou Koulibaly,DEF,Al Hilal SC,4500000,105,20-06-1991,186,2
862,34,Abdoulaye Seck,DEF,Maccabi Haifa FC,400000,23,04-06-1992,192,4
863,34,Idrissa Gana Gueye,MID,Everton FC,500000,137,26-09-1989,174,7
864,34,Ismaila Pathe Ciss,MID,Rayo Vallecano,1800000,32,16-03-1994,186,0
865,34,Assane Diao,FWD,Como,30000000,5,07-09-2005,185,0
866,34,Lamine Camara,MID,AS Monaco,40000000,46,01-01-2004,174,7
867,34,Ahmadou Bamba Mbacke Dieng,FWD,FC Lorient,15000000,24,23-03-2000,178,2
868,34,Sadio Mane,FWD,Al Nassr FC,6000000,131,10-04-1992,175,54
869,34,Nicolas Jackson,FWD,FC Bayern Munchen,40000000,35,20-06-2001,187,8
870,34,Pape Cherif Ndiaye,FWD,Samsunspor,5000000,19,23-01-1996,190,4
871,34,Iliman Cheikh Baroy Ndiaye,FWD,Everton FC,55000000,42,06-03-2000,180,4
872,34,Ismail Joshua Jakobs,DEF,Galatasaray SK,8000000,31,17-08-1999,184,0
873,34,Krepin Diatta,DEF,AS Monaco,6000000,63,25-02-1999,173,2
874,34,Edouard Osoque Mendy,GK,Al Ahli FC,4000000,59,01-03-1992,194,0
875,34,Pape Matar Sarr,MID,Tottenham Hotspur FC,30000000,41,14-09-2002,185,4
876,34,Ismaila Sarr,FWD,Crystal Palace FC,40000000,85,25-02-1998,185,19
877,34,Moussa Niakhate,DEF,Olympique Lyonnais,15000000,33,08-03-1996,190,0
878,34,Ibrahim Mbaye,FWD,Paris Saint-Germain,30000000,12,24-01-2008,175,4
879,34,Habib Mbacke Diarra,MID,Sunderland AFC,35000000,22,03-01-2004,178,4
880,34,Bara Sapoko Ndiaye,MID,FC Bayern Munchen,4000000,1,31-12-2007,180,0
881,34,Mory Diaw,GK,Le Havre AC,900000,5,22-06-1993,197,0
882,34,Antoine Alpha Mendy,DEF,OGC Nice,10000000,7,27-05-2004,187,0
883,34,El Hadji Malick Diouf,DEF,West Ham United FC,28000000,21,29-12-2004,177,1
884,34,Pape Alassane Gueye,MID,Villarreal CF,40000000,43,24-01-1999,189,6
885,35,Talib Raheem Fahad Talib,GK,Al Talaba SC,375000,21,21-10-1994,192,0
886,35,Ghareeb Solaka Rebin Sulaka,DEF,Port FC,100000,56,12-04-1992,193,1
887,35,Haydar Hussein Hussein,DEF,Pogo n  Szczecin,400000,28,01-03-2002,182,1
888,35,Tahseen Abd Zaid Zaid,DEF,Pakhtakor Tashkent FK,600000,29,29-01-2001,187,1
889,35,Hashim Rahman Akam Hashim,DEF,Al Zawra'a SC,700000,15,16-08-1998,184,1
890,35,Younus Hashim Munaf Younus,DEF,Al Shorta SC,300000,34,16-11-1996,184,1
891,35,Wali Faeq Youssef Amyn,MID,AEK Larnaca FC,550000,27,21-08-2003,172,2
892,35,Bayesh Kamil Ibrahim Bayesh,MID,Al Dhafra SCC,800000,77,01-05-2000,180,8
893,35,Ibrahim Karim Ali Alhamadi,FWD,Luton Town FC,1500000,21,01-03-2002,187,5
894,35,Ali Kadhim Mohanad Ali,FWD,Dibba FC,1200000,73,20-06-2000,183,26
895,35,Ihab Ahmed Ahmed,FWD,Nashville SC,3500000,4,12-07-2003,183,0
896,35,Hasan Hachim Jalal Hassan,GK,Al Zawra'a SC,250000,105,18-05-1991,188,0
897,35,Yousif Hashim Ali Yousif,FWD,Al Talaba SC,200000,7,19-01-1996,180,1
898,35,Aamar Iqbal Zidane,MID,FC Utrecht,1000000,26,27-04-2003,183,2
899,35,Hasan Maknazi Ahmed Maknazi,DEF,Al Karma SC,450000,7,24-09-2001,183,0
900,35,Fouad Aboud Amir Alammari,MID,KS Cracovia,1000000,52,27-07-1997,180,3
901,35,Jasim Elaibi Ali Jasim,FWD,Al Najmah SC,500000,37,20-01-2004,178,2
902,35,Hussein Ghadhban Aymen,FWD,Al Karma SC,400000,96,22-03-1996,190,34
903,35,Yakob William Kevin Yakob,MID,Aarhus GF,850000,9,10-10-2000,180,0
904,35,Hazar Anwar Aimar,MID,Sarpsborg 08 FF,1500000,7,20-12-2002,180,0
905,35,Jabbar Hussein Marko Farji,FWD,Venezia FC,1700000,13,16-03-2004,185,0
906,35,Basil Fadhil Ahmed,GK,Al Shorta SC,450000,16,19-08-1996,184,0
907,35,Ghazi Salih Merchas,DEF,FC Viktoria Plze n,1700000,32,07-12-1999,173,1
908,35,Ismael Khaleel Zaid Ismael,MID,Al Talaba SC,500000,7,03-01-2002,185,0
909,35,Saadoon Abbood Mustafa,DEF,Al Shorta SC,350000,18,25-05-2001,181,0
910,35,Dhia Jirjis Frans,DEF,Persib Bandung,325000,28,14-07-1993,182,0
911,36,rjan Haskjold Nyland,GK,Sevilla FC,800000,72,10-09-1990,192,0
912,36,Morten Thorsby,MID,US Cremonese,2800000,31,05-05-1996,188,0
913,36,Kristoffer Vassbakk Kopp Ajer,DEF,Brentford FC,18000000,53,17-04-1998,198,2
914,36,Leo Skiri Ostigard,DEF,Genoa CFC,13000000,39,28-11-1999,183,2
915,36,David Mller Moller Wolfe,DEF,Wolverhampton Wanderers FC,8000000,23,23-04-2002,185,1
916,36,Patrick Berg,MID,FK Bod/Glimt,8000000,44,24-11-1997,178,0
917,36,Alexander Sorloth,FWD,Atletico De Madrid,18000000,73,05-12-1995,196,26
918,36,Sander Gard Bolin Berge,MID,Fulham FC,25000000,67,14-02-1998,195,1
919,36,Erling Braut Haaland,FWD,Manchester City FC,200000000,51,21-07-2000,195,57
920,36,Martin Odegaard,MID,Arsenal FC,65000000,69,17-12-1998,178,5
921,36,Jrgen Strand Strand Larsen,FWD,Crystal Palace FC,40000000,28,06-02-2000,193,6
922,36,Sander Tangvik,GK,Hamburger SV,3000000,0,29-11-2002,193,0
923,36,Egil Selvik,GK,Watford FC,1500000,7,30-07-1997,187,0
924,36,Fredrik Aursnes,MID,SL Benfica,15000000,23,10-12-1995,181,1
925,36,Fredrik Andre Bjorkan,DEF,FK Bod/Glimt,3500000,21,21-08-1998,180,1
926,36,Marcus Holmgren Holmgren Pedersen,DEF,Torino FC,3500000,32,16-07-2000,184,0
927,36,Torbjrn Lysaker Heggem,DEF,Bologna FC,13000000,16,12-01-1999,192,0
928,36,Kristian Thorstvedt,MID,US Sassuolo,12000000,38,13-03-1999,189,4
929,36,Thelonious Gerard Aasgaard,MID,Rangers FC,2800000,8,02-05-2002,188,5
930,36,Antonio Eromonsele Nordby Nusa,FWD,RB Leipzig,32000000,25,17-04-2005,183,8
931,36,Andreas Rdergard Schjelderup,MID,SL Benfica,30000000,13,01-06-2004,177,1
932,36,Oscar Bobb,MID,Fulham FC,28000000,21,12-07-2003,177,2
933,36,Jens Petter Hauge,MID,FK Bod/Glimt,12000000,15,12-10-1999,184,1
934,36,Sondre Klingen Langas,DEF,Derby County FC,4000000,3,02-02-2001,190,0
935,36,Henrik Slebakke Falchener,DEF,Viking Stavanger,6000000,1,08-05-2003,194,0
936,36,Julian Ryerson,FWD,Borussia Dortmund,25000000,44,17-11-1997,186,1
937,37,Juan Agustin Musso,GK,Atletico De Madrid,3000000,4,06-05-1994,193,0
938,37,Marcos Nicolas Senesi,DEF,AFC Bournemouth,25000000,3,10-05-1997,185,0
939,37,Nicolas Alejandro Tagliafico,DEF,Olympique Lyonnais,4000000,76,31-08-1992,172,1
940,37,Gonzalo Ariel Montiel,DEF,CA River Plate,4500000,40,01-01-1997,175,2
941,37,Leandro Daniel Paredes,MID,CA Boca Juniors,5000000,77,29-06-1994,182,5
942,37,Lisandro Martinez,DEF,Manchester United FC,40000000,29,18-01-1998,175,1
943,37,Rodrigo Javier De Paul,MID,Inter Miami CF,14000000,88,24-05-1994,178,2
944,37,Valentin Barco,MID,RC Strasbourg,40000000,4,23-07-2004,172,2
945,37,Julian Alvarez,FWD,Atletico De Madrid,100000000,52,31-01-2000,170,14
946,37,Lionel Andres Messi,FWD,Inter Miami CF,15000000,200,24-06-1987,170,120
947,37,Giovani Lo Celso,MID,Real Betis,8000000,67,09-04-1996,177,4
948,37,Geronimo Rulli,GK,Olympique Marseille,6000000,8,20-05-1992,189,0
949,37,Cristian Gabriel Romero,DEF,Tottenham Hotspur FC,45000000,52,27-04-1998,185,3
950,37,Exequiel Alejandro Palacios,MID,Bayer 04 Leverkusen,25000000,40,05-10-1998,177,0
951,37,Nicolas Ivan Gonzalez,MID,Atletico De Madrid,22000000,52,06-04-1998,180,6
952,37,Thiago Ezequiel Almada,FWD,Atletico De Madrid,15000000,17,26-04-2001,171,5
953,37,Giuliano Simeone,FWD,Atletico De Madrid,40000000,13,18-12-2002,174,2
954,37,Nicolas Paz,FWD,Como,80000000,10,08-09-2004,185,1
955,37,Nicolas Hernan Gonzalo Otamendi,DEF,SL Benfica,1000000,133,12-02-1988,182,8
956,37,Alexis Mac Allister,MID,Liverpool FC,70000000,47,24-12-1998,176,6
957,37,Jose Manuel Alberto Lopez,FWD,SE Palmeiras,25000000,5,06-12-2000,190,0
958,37,Lautaro Javier Martinez,FWD,FC Internazionale Milano,85000000,78,22-08-1997,175,37
959,37,Damian Emiliano Martinez,GK,Aston Villa FC,12000000,60,02-09-1992,195,0
960,37,Enzo Jeremias Fernandez,MID,Chelsea FC,90000000,43,17-01-2001,178,6
961,37,Facundo Axel Medina,DEF,Olympique Marseille,18000000,10,28-05-1999,184,0
962,37,Nahuel Molina,DEF,Atletico De Madrid,15000000,59,06-04-1998,179,1
963,38,Melvin Feycal Mastil,GK,FC Stade Nyonnais,300000,2,19-02-2000,194,0
964,38,Aissa Mandi,DEF,Lille OSC,1000000,120,22-10-1991,184,8
965,38,Achref Abada,DEF,USM Alger,1000000,10,15-06-1999,185,1
966,38,Mohamed Amine Tougai,DEF,Esperance De Tunisie,1300000,30,22-01-2000,186,2
967,38,Zineddine Belaid,DEF,JS Kabylie,1800000,18,20-03-1999,186,1
968,38,Ramiz Larbi Zerrouki,MID,FC Twente,6500000,54,26-05-1998,183,3
969,38,Riyad Karim Mahrez,FWD,Al Ahli FC,5000000,117,21-02-1991,179,38
970,38,Houssem-Eddine Chaabane Aouar,MID,Al Ittihad,8000000,24,30-06-1998,175,6
971,38,Amine Ferid Gouiri,FWD,Olympique Marseille,28000000,24,16-02-2000,180,10
972,38,Fares Chaibi,MID,Eintracht Frankfurt,15000000,32,28-11-2002,183,3
973,38,Anis Hadj Moussa,FWD,Feyenoord Rotterdam,23000000,16,11-02-2002,176,2
974,38,Ahmed Nadhir Benbouali,FWD,Gyori ETO FC,600000,4,17-04-2000,190,1
975,38,Jaouen Djimmy Hadjam,DEF,BSC Young Boys,7000000,18,26-03-2003,185,3
976,38,Hicham Boudaoui,MID,OGC Nice,12000000,35,23-09-1999,175,0
977,38,Rayan Ait-Nouri,DEF,Manchester City FC,40000000,31,06-06-2001,180,0
978,38,Oussama Benbot,GK,USM Alger,850000,3,11-10-1994,188,0
979,38,Rafik Belghali,DEF,Hellas Verona FC,7000000,14,07-06-2002,180,1
980,38,Mohammed Elamine Amoura,FWD,VfL Wolfsburg,20000000,48,09-05-2000,170,19
981,38,Nabil Bentaleb,MID,Lille OSC,4500000,61,24-11-1994,189,6
982,38,Adil Boulbina,FWD,Al Duhail SC,3000000,12,02-05-2003,183,5
983,38,Selmane Rami Bensebaini,DEF,Borussia Dortmund,7000000,83,16-04-1995,187,9
984,38,Ibrahim Maza,MID,Bayer 04 Leverkusen,45000000,18,24-11-2005,180,2
985,38,Luca Zinedine Zidane,GK,Granada CF,1000000,8,13-05-1998,183,0
986,38,Yassine Titraoui,MID,Sporting Charleroi,7000000,5,26-07-2003,180,0
987,38,Fares Ghedjemis,FWD,Frosinone,600000,1,06-09-2002,183,1
988,38,Samir Sophian Chergui,DEF,Paris FC,3000000,5,06-02-1999,185,0
989,39,Alexander Schlager,GK,FC Red Bull Salzburg,2000000,27,01-02-1996,188,0
990,39,David Leopold Affengruber,DEF,Elche CF,20000000,1,19-03-2001,185,0
991,39,Kevin Danso,DEF,Tottenham Hotspur FC,20000000,33,19-09-1998,190,0
992,39,Xaver Schlager,MID,RB Leipzig,10000000,52,28-09-1997,174,4
993,39,Stefan Posch,DEF,1. FSV Mainz 05,6000000,53,14-05-1997,188,5
994,39,Nicolas Seiwald,MID,RB Leipzig,25000000,48,04-05-2001,179,1
995,39,Marko Arnautovic,FWD,FK Crvena Zvezda,2000000,134,19-04-1989,192,48
996,39,David Alaba,DEF,Real Madrid C. F.,3000000,114,24-06-1992,180,15
997,39,Marcel Sabitzer,MID,Borussia Dortmund,6000000,99,17-03-1994,178,26
998,39,Florian Grillitsch,MID,SC Braga,2500000,59,07-08-1995,186,1
999,39,Michael Gregoritsch,FWD,FC Augsburg,1500000,75,18-04-1994,193,24
1000,39,Florian Wiegele,GK,FC Viktoria Plze n,2200000,1,21-03-2001,205,0
1001,39,Patrick Pentz,GK,Brndby IF,2200000,18,02-01-1997,183,0
1002,39,Sasa Kalajdzic,FWD,LASK Linz,4000000,23,07-07-1997,200,4
1003,39,Philipp Lienhart,DEF,SC Freiburg,10000000,42,11-07-1996,189,3
1004,39,Phillip Mwene,DEF,1. FSV Mainz 05,1500000,31,29-01-1994,170,0
1005,39,Carney Chibueze Chukwuemeka,MID,Borussia Dortmund,20000000,4,20-10-2003,187,1
1006,39,Romano Schmid,MID,SV Werder Bremen,15000000,35,27-01-2000,168,4
1007,39,Dejan Ljubicic,MID,FC Schalke 04,5000000,9,08-10-1997,187,1
1008,39,Konrad Laimer,MID,FC Bayern Munchen,32000000,58,27-05-1997,180,7
1009,39,Patrick Wimmer,FWD,VfL Wolfsburg,12000000,31,30-05-2001,182,1
1010,39,Alexander Prass,MID,TSG Hoffenheim,9000000,19,26-05-2001,180,0
1011,39,Marco Friedl,DEF,SV Werder Bremen,10000000,11,16-03-1998,187,0
1012,39,Paul Wanner,MID,PSV Eindhoven,22000000,4,23-12-2005,185,0
1013,39,Michael Svoboda,DEF,Venezia FC,900000,4,15-10-1998,195,0
1014,39,Alessandro Andre Schoepf,MID,Wolfsberger AC,800000,35,07-02-1994,178,6
1015,40,Mo'ien Hasan Yazeed Abulaila,GK,Al Hussein SC,300000,77,08-01-1993,188,0
1016,40,Ali Hasan Mohammad,DEF,Al Karma SC,400000,56,09-05-1995,179,1
1017,40,Mousa Musallam Abdallah Nasib,DEF,Al Zawra'a SC,400000,66,25-02-1994,184,2
1018,40,Ali Mohammad Husam Abudahab,DEF,Al Faisaly SC,350000,17,13-05-2000,186,0
1019,40,Mousa Mahmoud Yazan Alarab,DEF,FC Seoul,1000000,81,31-01-1996,185,3
1020,40,Rasem Adel Amer Jamous,MID,Al Zawra'a SC,500000,19,03-07-2002,177,1
1021,40,Faisal Yousef Mohammad,FWD,Raja Casablanca,700000,40,30-12-1997,170,5
1022,40,Mahmoud Ali Noor Alrawabdeh,MID,Selangor FC,500000,69,24-02-1997,182,3
1023,40,Iyad Ali Ali Olwan,FWD,Al Sailiya SC,800000,67,26-03-2000,182,30
1024,40,Mohammad Mousa Mousa Altamari,FWD,Stade Rennais FC,10000000,93,10-06-1997,176,24
1025,40,Burhan Shehadeh Odeh Fakhoury,FWD,Pyramids FC,6000000,11,22-11-2005,180,1
1026,40,Zaid Khaleel Nour Baniateyah,GK,Al Faisaly SC,250000,5,25-01-1993,179,0
1027,40,Nayef Ahmad Mahmoud Almardi,FWD,Al Hussein SC,350000,88,06-10-1993,173,8
1028,40,Ayed Fadel Rajaei Ayed,MID,Al Hussein SC,325000,73,25-07-1993,175,0
1029,40,Mohammad Sami Ibrahim,MID,Al Karma SC,500000,57,27-04-2000,175,3
1030,40,Majed Jamil Mohammad Abualnadi,DEF,Selangor FC,350000,19,08-02-2001,185,0
1031,40,Amer Saleem Saleem,DEF,Al Hussein SC,100000,13,17-01-1992,187,0
1032,40,Ahmed Mohammad Mohammad,MID,Al Hussein SC,300000,0,13-07-2005,182,0
1033,40,Ahmad Salameh Saed,DEF,Al Hussein SC,450000,22,01-02-1997,186,2
1034,40,Mahmoud Saleh Mohannad Abutaha,MID,Al-Quwa Al-Jawiya,550000,31,02-02-2003,173,1
1035,40,Mahmoud Ahmed Nizar Alrashdan,MID,Qatar SC,600000,48,23-03-1999,183,4
1036,40,Ra'ed Mahmoud Abdallah Alfakhori,GK,Al Wahdat SC,250000,16,22-01-2000,190,0
1037,40,Manel Farhan Ehsan Haddad,DEF,Al Hussein SC,300000,91,05-02-1994,174,2
1038,40,Ahmad Ali Ali Azaizeh,FWD,Al Shabab FC,325000,5,13-04-2004,178,0
1039,40,Ratib Mohammad Mohammad Aldaoud,MID,Al Wahdat SC,150000,14,12-04-1992,185,1
1040,40,Said Ghazi Anas Badawi,DEF,Al Faisaly SC,200000,1,13-09-1997,174,0
1041,41,Diogo Diogo Costa,GK,FC Porto,40000000,44,19-09-1999,188,0
1042,41,SEMEDONelson Nelson,DEF,Fenerbahce SK,6000000,51,16-11-1993,179,0
1043,41,Ruben Ruben Dias,DEF,Manchester City FC,55000000,76,14-05-1997,187,3
1044,41,Tomas Tomas Araujo,DEF,SL Benfica,30000000,6,16-05-2002,187,0
1045,41,Diogo Diogo Dalot,DEF,Manchester United FC,30000000,35,18-03-1999,184,3
1046,41,Luiz Matheus,MID,Manchester City FC,50000000,20,27-08-1998,183,2
1047,41,Ronaldo Cristiano Ronaldo,FWD,Al Nassr FC,10000000,229,05-02-1985,185,143
1048,41,Miguel Bruno,MID,Manchester United FC,35000000,90,08-09-1994,183,29
1049,41,RAMOSGoncalo Goncalo,FWD,Paris Saint-Germain,30000000,26,20-06-2001,185,10
1050,41,Bernardo Bernardo Silva,MID,Manchester City FC,22000000,110,10-08-1994,173,14
1051,41,Joao Joao Felix,FWD,Al Nassr FC,28000000,54,10-11-1999,179,12
1052,41,Pedro Jose Sa,GK,Wolverhampton Wanderers FC,3500000,5,17-01-1993,192,0
1053,41,Renato Renato Veiga,DEF,Villarreal CF,25000000,14,29-07-2003,188,1
1054,41,Goncalo Goncalo Inacio,DEF,Sporting CP,40000000,22,25-08-2001,185,2
1055,41,Pedro Joao Neves,MID,Paris Saint-Germain,140000000,23,27-09-2004,171,4
1056,41,Antonio Francisco Trincao,FWD,Sporting CP,40000000,18,29-12-1999,184,3
1057,41,Alexandre Rafael Leao,FWD,AC Milan,50000000,45,10-06-1999,188,5
1058,41,Pedro Pedro Neto,FWD,Chelsea FC,60000000,26,09-03-2000,174,3
1059,41,Manuel Goncalo,FWD,Real Sociedad,6000000,35,29-11-1996,179,8
1060,41,Pedro Joao Cancelo,DEF,FC Barcelona,8000000,69,27-05-1994,173,12
1061,41,Diogo Ruben,MID,Al Hilal SC,25000000,67,13-03-1997,183,1
1062,41,Tiago Rui Silva,GK,Sporting CP,7000000,3,07-02-1994,191,0
1063,41,Vitor Vitinha,MID,Paris Saint-Germain,140000000,39,13-02-2000,170,0
1064,41,Samuel Samu Costa,DEF,RCD Mallorca,15000000,6,27-11-2000,185,0
1065,41,Alexandre Nuno,DEF,Paris Saint-Germain,80000000,45,19-06-2002,177,1
1066,41,Francisco Francisco Conceicao,FWD,Juventus FC,30000000,18,14-12-2002,166,4
1067,42,Lionel Nzau Mpasi,GK,Le Havre AC,400000,29,01-08-1994,182,0
1068,42,Wan Wan-Bissaka,DEF,West Ham United FC,15000000,13,26-11-1997,183,0
1069,42,Steve Nkanu Kapuadi,DEF,Widzew  od z,2500000,4,30-04-1998,196,0
1070,42,Axel Tuanzebe,DEF,Burnley FC,5000000,14,14-11-1997,188,1
1071,42,Dylan Buduka Batubinsika,DEF,AEL FC,600000,15,15-02-1996,185,1
1072,42,Ngalayel Mukau,MID,Lille OSC,15000000,15,03-11-2004,186,0
1073,42,Nathanael Mbuku,MID,Montpellier HSC,2000000,19,16-03-2002,170,2
1074,42,Samuel Alain Moutoussamy,MID,Atromitos FC,1200000,59,12-08-1996,176,0
1075,42,Kibambe Brian Cipenga,FWD,CD Castellon,2000000,8,11-03-1998,172,0
1076,42,Theo Mbulofeko Batombo Bongonda,MID,FC Spartak Moscow,3000000,38,20-11-1995,176,7
1077,42,Gael Romeo Kakuta,FWD,AEL FC,250000,31,21-06-1991,174,5
1078,42,Joris Kayembe,DEF,KRC Genk,2000000,27,08-08-1994,180,1
1079,42,Meschack Lina Elia,FWD,Alanyaspor,1500000,68,06-08-1997,173,12
1080,42,Noah Junior Sadiki,MID,Sunderland AFC,35000000,21,17-12-2004,165,0
1081,42,Tshibola Tshibola,MID,Kilmarnock FC,150000,17,02-01-1995,184,1
1082,42,Timothy Bruce Munzoko Fayulu,GK,FC Noah,800000,3,24-07-1999,192,0
1083,42,Cedric Bakambu,FWD,Real Betis,1200000,71,11-04-1991,182,21
1084,42,Charles Monginda Pickel,MID,RCD Espanyol,2500000,35,15-05-1997,187,1
1085,42,Mayele Fiston Mayele,FWD,Pyramids FC,1800000,36,24-06-1994,185,5
1086,42,Yoane Wissa,FWD,Newcastle United FC,25000000,39,03-09-1996,176,9
1087,42,Matthieu Luka Epolo,GK,Standard Liege,8000000,1,15-01-2005,183,0
1088,42,Mangulu Chancel Mbemba,DEF,Lille OSC,2000000,110,08-08-1994,182,7
1089,42,Simon Bokote Banza,FWD,Al Jazira,11000000,16,13-08-1996,189,2
1090,42,Gedeon Tchingoma Kyatengwa Kalulu,DEF,Aris Limassol FC,3500000,29,29-08-1997,178,0
1091,42,Edo Kayembe Kayembe,MID,Watford FC,4000000,43,03-06-1998,183,2
1092,42,Arthur Fuka Masuaku,DEF,RC Lens,2000000,45,07-11-1993,179,4
1093,43,Utkir Yusupov,GK,PFC Navbahor Namangan,500000,46,04-01-1991,185,0
1094,43,Abdukodir Khusanov,DEF,Manchester City FC,50000000,28,29-02-2004,186,0
1095,43,Khojiakbar Alijonov,DEF,Pakhtakor Tashkent FK,1300000,52,19-04-1997,180,3
1096,43,Farrukh Sayfiev,DEF,FK Neftchi Farg'ona,225000,72,17-01-1991,183,1
1097,43,Rustamjon Ashurmatov,DEF,Esteghlal Tehran FC,750000,52,07-07-1996,186,1
1098,43,Akmal Mozgovoy,MID,Pakhtakor Tashkent FK,1400000,26,02-04-1999,180,1
1099,43,Otabek Shukurov,MID,Baniyas Club,1500000,91,22-06-1996,183,10
1100,43,Jamshid Iskanderov,MID,FK Neftchi Farg'ona,1000000,46,16-10-1993,171,4
1101,43,Odiljon Xamrobekov,MID,Tractor Sazi Tabriz FC,1000000,76,13-02-1996,180,1
1102,43,Ruslanbek Jiyanov,MID,PFC Navbahor Namangan,800000,8,05-06-2001,176,1
1103,43,Oston Urunov,MID,Persepolis FC,2000000,46,19-12-2000,181,10
1104,43,Abduvakhid Nematov,GK,Nasaf Qarshi FC,1500000,15,20-03-2001,182,0
1105,43,Sherzod Nasrullaev,DEF,Pakhtakor Tashkent FK,1200000,41,23-07-1998,183,2
1106,43,Eldor Shomurodov,FWD,Ba s ak s ehir FK,7000000,94,29-06-1995,190,44
1107,43,Umarbek Eshmurodov,DEF,Nasaf Qarshi FC,450000,40,30-11-1992,185,0
1108,43,Botirali Ergashev,GK,FK Neftchi Farg'ona,500000,5,23-06-1995,189,0
1109,43,Dostonbek Khamdamov,MID,Pakhtakor Tashkent FK,900000,38,24-07-1996,178,5
1110,43,Abdulla Abdullaev,DEF,Dibba FC,500000,30,01-09-1997,181,0
1111,43,Azizjon Ganiev,MID,Al Bataeh Club,2000000,24,22-02-1998,178,0
1112,43,Azizbek Amonov,FWD,FK Dinamo Samarkand,500000,14,30-10-1997,181,2
1113,43,Igor Sergeev,FWD,Persepolis FC,1200000,86,30-04-1993,185,25
1114,43,Abbosbek Fayzullaev,MID,Ba s ak s ehir FK,7000000,33,03-10-2003,167,9
1115,43,Sherzod Esanov,MID,FK Buxoro,450000,1,01-02-2003,190,0
1116,43,Behruzjon Karimov,DEF,Surkhon FK,350000,3,07-08-2007,172,0
1117,43,Avazbek Ulmasaliyev,DEF,OKMK FK,500000,0,27-03-2000,187,0
1118,43,Jakhongir Urozov,DEF,FK Dinamo Samarkand,600000,5,18-01-2004,190,1
1119,44,David Ospina,GK,Atletico Nacional,100000,130,31-08-1988,183,0
1120,44,Daniel Munoz,DEF,Crystal Palace FC,22000000,47,26-05-1996,180,4
1121,44,Jhon Janer Lucumi,DEF,Bologna FC,22000000,38,26-06-1998,187,1
1122,44,Santiago Arias,DEF,CA Independiente,1200000,68,13-01-1992,177,0
1123,44,Kevin Duvan Castano,MID,CA River Plate,5000000,26,29-09-2000,179,0
1124,44,Richard Rios,MID,SL Benfica,25000000,33,02-06-2000,185,2
1125,44,Luis Fernando Diaz,FWD,FC Bayern Munchen,70000000,75,13-01-1997,179,23
1126,44,Jorge Andres Carrascal,MID,CR Flamengo,13000000,25,25-05-1998,180,2
1127,44,Jhon Andres Cordoba,FWD,FC Krasnodar,10000000,21,11-05-1993,186,6
1128,44,James David Rodriguez,MID,Minnesota United FC,1500000,127,12-07-1991,181,31
1129,44,Jhon Adolfo Arias,MID,SE Palmeiras,15000000,39,21-09-1997,168,6
1130,44,Camilo Andres Vargas,GK,Atlas FC,450000,43,09-03-1989,183,0
1131,44,Yerry Fernando Mina,DEF,Cagliari,2500000,54,23-09-1994,195,8
1132,44,Gustavo Adolfo Puerta,DEF,Racing Santander,10000000,7,23-07-2003,173,1
1133,44,Juan Camilo Portilla,MID,Athletico Paranaense,5000000,10,12-09-1998,181,0
1134,44,Jefferson Andres Lerma,MID,Crystal Palace FC,6000000,66,25-10-1994,180,5
1135,44,Johan Andres Mojica,DEF,RCD Mallorca,1500000,46,21-08-1992,184,1
1136,44,Willer Emilio Ditta,DEF,CF Cruz Azul,5500000,5,23-01-1998,179,0
1137,44,Juan Camilo Hernandez,FWD,Real Betis,18000000,10,20-04-1999,176,2
1138,44,Juan Fernando Quintero,MID,CA River Plate,1800000,49,18-01-1993,167,6
1139,44,Jaminton Leandro Campaz,FWD,CA Rosario Central,5500000,11,24-05-2000,166,2
1140,44,Deiver Machado,DEF,FC Nantes,1800000,15,02-09-1993,173,0
1141,44,Davinson Sanchez,DEF,Galatasaray SK,16000000,80,12-06-1996,188,4
1142,44,Alvaro David Montero,GK,CA Velez Sarsfield,2500000,12,29-03-1995,201,0
1143,44,Luis Javier Suarez,FWD,Sporting CP,30000000,13,02-12-1997,179,5
1144,44,Carlos Andres Gomez,FWD,CR Vasco Da Gama,11000000,9,12-09-2002,170,2
1145,45,Jordan Lee Pickford,GK,Everton FC,13000000,85,07-03-1994,185,0
1146,45,Ezri Ngoyo Konsa,DEF,Aston Villa FC,40000000,21,23-10-1997,180,1
1147,45,Nico Oreilly,DEF,Manchester City FC,70000000,6,21-03-2005,177,0
1148,45,Declan Rice,MID,Arsenal FC,120000000,74,14-01-1999,185,7
1149,45,John Stones,DEF,Manchester City FC,12000000,90,28-05-1994,188,3
1150,45,Keaninkin Marc-Isreal Guehi,DEF,Manchester City FC,70000000,30,13-07-2000,183,1
1151,45,Bukayo Ayoyinka Saka,FWD,Arsenal FC,110000000,50,05-09-2001,178,14
1152,45,Elliot Junior Anderson,MID,Nottingham Forest FC,75000000,10,06-11-2002,179,0
1153,45,Harry Edward Kane,FWD,FC Bayern Munchen,60000000,115,28-07-1993,190,81
1154,45,Jude Victor William Bellingham,MID,Real Madrid C. F.,130000000,49,29-06-2003,183,7
1155,45,Marcus Rashford,FWD,FC Barcelona,40000000,73,31-10-1997,180,19
1156,45,Trevoh Tom Chalobah,DEF,Chelsea FC,40000000,1,05-07-1999,192,0
1157,45,Dean Bradley Henderson,GK,Crystal Palace FC,28000000,5,12-03-1997,188,0
1158,45,Jordan Brian Henderson,MID,Brentford FC,1200000,90,17-06-1990,183,3
1159,45,Daniel Johnson Burn,DEF,Newcastle United FC,4000000,8,09-05-1992,201,0
1160,45,Kobbie Boateng Mainoo,MID,Manchester United FC,70000000,14,19-04-2005,183,0
1161,45,Morgan Elliot Rogers,MID,Aston Villa FC,90000000,16,26-07-2002,187,1
1162,45,Anthony Michael Gordon,FWD,Newcastle United FC,65000000,20,24-02-2001,182,3
1163,45,George Arthur Watkins,FWD,Aston Villa FC,25000000,22,30-12-1995,180,7
1164,45,Azuka Tristan Madueke,FWD,Arsenal FC,50000000,12,10-03-2002,182,1
1165,45,Eberechi Oluchi Eze,MID,Arsenal FC,65000000,17,29-06-1998,178,3
1166,45,Ivan Benjamin Elijah Toney,FWD,Al Ahli FC,20000000,8,16-03-1996,185,1
1167,45,James Harrington Trafford,GK,Manchester City FC,25000000,2,10-10-2002,197,0
1168,45,Reece Lewis James,DEF,Chelsea FC,60000000,25,08-12-1999,180,1
1169,45,Tehuti Djed-Hotep Spence,DEF,Tottenham Hotspur FC,30000000,7,09-08-2000,184,0
1170,45,Jarell Amorin Quansah,DEF,Bayer 04 Leverkusen,45000000,3,29-01-2003,190,0
1171,46,Dominik Livakovic,GK,GNK Dinamo Zagreb,4000000,76,09-01-1995,188,0
1172,46,Josip Stanisic,DEF,FC Bayern Munchen,40000000,32,02-04-2000,186,0
1173,46,Marin Pongracic,DEF,ACF Fiorentina,6500000,20,11-09-1997,193,0
1174,46,Josko Gvardiol,DEF,Manchester City FC,70000000,49,23-01-2002,185,4
1175,46,Duje Caleta-Car,DEF,Real Sociedad,2800000,38,17-09-1996,193,1
1176,46,Josip Sutalo,DEF,AFC Ajax,12000000,34,28-02-2000,185,0
1177,46,Nikola Moro,MID,Bologna FC,7000000,10,12-03-1998,183,0
1178,46,Mateo Kovacic,MID,Manchester City FC,10000000,114,06-05-1994,178,5
1179,46,Andrej Kramaric,FWD,TSG Hoffenheim,2500000,117,19-06-1991,177,36
1180,46,Luka Modric,MID,AC Milan,3500000,199,09-09-1985,172,29
1181,46,Ante Budimir,FWD,CA Osasuna,2800000,38,22-07-1991,190,6
1182,46,Ivor Pandur,GK,Hull City FC,4500000,0,25-03-2000,187,0
1183,46,Nikola Vlasic,MID,Torino FC,10000000,64,04-10-1997,179,10
1184,46,Ivan Perisic,FWD,PSV Eindhoven,1200000,155,02-02-1989,186,38
1185,46,Mario Pasalic,MID,Atalanta Bergamo,6000000,86,09-02-1995,188,12
1186,46,Martin Baturina,MID,Como,30000000,20,16-02-2003,172,2
1187,46,Petar Sucic,MID,FC Internazionale Milano,40000000,18,25-10-2003,183,1
1188,46,Kristijan Jakic,DEF,FC Augsburg,6000000,17,14-05-1997,181,2
1189,46,Toni Fruk,MID,HNK Rijeka,9000000,7,09-03-2001,177,1
1190,46,Igor Matanovic,FWD,SC Freiburg,22000000,10,31-03-2003,194,2
1191,46,Luka Sucic,MID,Real Sociedad,10000000,21,08-09-2002,185,1
1192,46,Luka Vuskovic,DEF,Hamburger SV,60000000,6,24-02-2007,193,1
1193,46,Dominik Kotarski,GK,FC Kbenhavn,5000000,4,10-02-2000,190,0
1194,46,Marco Pasalic,FWD,Orlando City SC,6500000,16,14-09-2000,177,1
1195,46,Martin Erlic,DEF,FC Midtjylland,4000000,13,24-01-1998,192,1
1196,46,Petar Musa,FWD,FC Dallas,12000000,12,04-03-1998,190,2
1197,47,Lawrence Ati Zigi,GK,FC St. Gallen,1500000,31,29-11-1996,188,0
1198,47,Alidu Seidu,DEF,Stade Rennais FC,6000000,24,04-06-2000,173,1
1199,47,Caleb Marfo Yirenkyi,MID,FC Nordsjlland,10000000,12,15-01-2006,182,2
1200,47,Jonas Adjei Adjetey,DEF,VfL Wolfsburg,6000000,11,13-12-2003,188,0
1201,47,Thomas Teye Partey,MID,Villarreal CF,2000000,59,13-06-1993,185,16
1202,47,Abdul Mumin Mumin,DEF,Rayo Vallecano,3000000,5,06-06-1998,188,0
1203,47,Abdul Fatawu Fatawu,FWD,Leicester City FC,20000000,29,08-03-2004,177,3
1204,47,Kwasi Sibo,MID,Real Oviedo,1400000,9,24-06-1998,183,0
1205,47,Jordan Pierre Ayew,FWD,Leicester City FC,1800000,121,11-09-1991,182,34
1206,47,Brandon Michael Clarke Thomas-Asante,FWD,Coventry City FC,16000000,9,29-12-1998,182,1
1207,47,Antoine Serlom Semenyo,MID,Manchester City FC,80000000,35,07-01-2000,185,3
1208,47,Joseph Tetteh Anang,GK,St Patrick's Athletic FC,350000,1,08-06-2000,190,0
1209,47,Christopher Bonsu Bonsu Baah,FWD,Al Qadsiah FC,14000000,9,14-12-2004,172,0
1210,47,Gideon Mensah,DEF,AJ Auxerre,4000000,41,18-07-1998,178,0
1211,47,Elisha Owusu,MID,AJ Auxerre,4000000,21,07-11-1997,182,0
1212,47,Benjamin Asare,GK,Hearts Of Oak SC,100000,14,13-07-1992,188,0
1213,47,Abdul Rahman Rahman,DEF,PAOK Saloniki,2000000,53,02-07-1994,179,1
1214,47,Jerome Opoku,DEF,Ba s ak s ehir FK,5000000,12,14-10-1998,197,1
1215,47,Inaki Williams,FWD,Athletic Club,8000000,26,15-06-1994,186,2
1216,47,Augustine Boakye,MID,AS Saint-Etienne,4000000,0,03-11-2000,178,0
1217,47,Kojo Peprah Oppong,DEF,OGC Nice,10000000,4,04-06-2004,185,0
1218,47,Kamal Deen Sulemana,FWD,Atalanta Bergamo,17000000,29,15-02-2002,174,1
1219,47,Derrick Luckassen,DEF,Pafos FC,1200000,1,03-07-1995,188,0
1220,47,Ernest Nuamah Nuamah,FWD,Olympique Lyonnais,10000000,20,01-11-2003,178,4
1221,47,Prince Kwabena Adu,FWD,FC Viktoria Plze n,3000000,6,23-09-2003,179,0
1222,47,Marvin Elom Senaya,DEF,AJ Auxerre,3000000,3,28-01-2001,181,0
1223,48,Luis Ricardo Mejia,GK,Club Nacional,150000,56,16-03-1991,193,0
1224,48,Cesar Rodolfo Blackman,DEF,S K Slovan Bratislava,2500000,41,02-04-1998,174,3
1225,48,Jose Angel Cordoba,DEF,Norwich City FC,5000000,33,03-06-2001,189,1
1226,48,Fidel Escobar,DEF,Deportivo Saprissa,350000,99,09-01-1995,184,4
1227,48,Edgardo Issac Farina,DEF,FC Pari Nizhny Novgorod,900000,18,19-10-2001,195,0
1228,48,Cristian Jesus Martinez,MID,Hapoel Kiryat Shmona FC,800000,68,06-02-1997,170,2
1229,48,Jose Luis Rodriguez,MID,FC Juarez,2500000,71,19-06-1998,180,8
1230,48,Adalberto Eliecer Carrasquilla,MID,Pumas UNAM,4000000,73,28-11-1998,171,3
1231,48,Tomas Abdiel Rodriguez,FWD,Deportivo Saprissa,1000000,13,09-03-1999,183,4
1232,48,Ismael Diaz,MID,Club Leon,1800000,57,12-05-1997,184,17
1233,48,Edgar Yoel Barcenas,MID,Mazatlan FC,650000,105,23-10-1993,175,10
1234,48,Cesar Jair Samudio,GK,CD Marathon,250000,5,23-02-1994,189,0
1235,48,Jiovany Javier Ramos,DEF,Puerto Cabello CF,450000,24,26-01-1997,188,2
1236,48,Carlos Miguel Harvey,DEF,Minnesota United FC,600000,29,03-02-2000,184,3
1237,48,Eric Javier Davis,DEF,CD Plaza Amador,50000,107,31-03-1991,180,9
1238,48,Andres Alberto Andrade,DEF,LASK Linz,2500000,51,16-10-1998,187,1
1239,48,Jose Fajardo,FWD,CD Universidad Catolica,550000,70,18-08-1993,184,17
1240,48,Cecilio Alfonso Waterman,FWD,CD Universidad De Concepcion,250000,56,13-04-1991,180,15
1241,48,Alberto Abdiel Quintero,MID,CD Plaza Amador,75000,141,18-12-1987,165,7
1242,48,Anibal Casis Godoy,MID,San Diego FC,100000,160,10-02-1990,184,4
1243,48,Cesar Augusto Yanis,MID,CD Cobresal,400000,55,28-01-1996,160,5
1244,48,Orlando Mosquera,GK,Al Fayha FC,700000,50,25-12-1994,191,0
1245,48,Michael Amir Murillo,DEF,Be s ikta s  JK,7000000,94,11-02-1996,185,9
1246,48,Azarias Emmanuel Londono,FWD,CD Universidad Catolica,1000000,13,21-06-2001,185,1
1247,48,Roderick Alonso Miller,DEF,Turan Tovuz,200000,49,03-04-1992,190,2
1248,48,Jorge Abdiel Gutierrez,DEF,Deportivo La Guaira,800000,18,01-09-1998,171,0
